Image with src "/products/PF170.png" is using quality "80" which is not configured in images.qualities [75]. Please update your config to [75, 80].
Read more: https://nextjs.org/docs/messages/next-image-unconfigured-qualities
Image with src "/products/PF120.png" is using quality "80" which is not configured in images.qualities [75]. Please update your config to [75, 80].
Read more: https://nextjs.org/docs/messages/next-image-unconfigured-qualities
Image with src "/products/PF040.png" is using quality "80" which is not configured in images.qualities [75]. Please update your config to [75, 80].
Read more: https://nextjs.org/docs/messages/next-image-unconfigured-qualities
Image with src "/products/PF050.png" is using quality "80" which is not configured in images.qualities [75]. Please update your config to [75, 80].
Read more: https://nextjs.org/docs/messages/next-image-unconfigured-qualities
Image with src "/products/PF270.png" is using quality "80" which is not configured in images.qualities [75]. Please update your config to [75, 80].
Read more: https://nextjs.org/docs/messages/next-image-unconfigured-qualities
Image with src "/products/PF380.png" is using quality "80" which is not configured in images.qualities [75]. Please update your config to [75, 80].
Read more: https://nextjs.org/docs/messages/next-image-unconfigured-qualities
Image with src "/products/PF210.png" is using quality "80" which is not configured in images.qualities [75]. Please update your config to [75, 80].
Read more: https://nextjs.org/docs/messages/next-image-unconfigured-qualities
Image with src "/products/PF090.png" is using quality "80" which is not configured in images.qualities [75]. Please update your config to [75, 80].
Read more: https://nextjs.org/docs/messages/next-image-unconfigured-qualities
Image with src "/products/PF130.png" is using quality "80" which is not configured in images.qualities [75]. Please update your config to [75, 80].
Read more: https://nextjs.org/docs/messages/next-image-unconfigured-qualities
Image with src "/products/PF060.png" is using quality "80" which is not configured in images.qualities [75]. Please update your config to [75, 80].
Read more: https://nextjs.org/docs/messages/next-image-unconfigured-qualities
Image with src "/products/PF180.png" is using quality "80" which is not configured in images.qualities [75]. Please update your config to [75, 80].
Read more: https://nextjs.org/docs/messages/next-image-unconfigured-qualities
Image with src "/products/PF290.png" is using quality "80" which is not configured in images.qualities [75]. Please update your config to [75, 80].
Read more: https://nextjs.org/docs/messages/next-image-unconfigured-qualities
Image with src "/products/PF020.png" is using quality "85" which is not configured in images.qualities [75]. Please update your config to [75, 85].
Read more: https://nextjs.org/docs/messages/next-image-unconfigured-qualities
Image with src "/products/PF040.png" is using quality "85" which is not configured in images.qualities [75]. Please update your config to [75, 85].
Read more: https://nextjs.org/docs/messages/next-image-unconfigured-qualities
Image with src "/products/PF030.png" is using quality "85" which is not configured in images.qualities [75]. Please update your config to [75, 85].
Read more: https://nextjs.org/docs/messages/next-image-unconfigured-qualities
Image with src "/products/PF080.png" is using quality "85" which is not configured in images.qualities [75]. Please update your config to [75, 85].
Read more: https://nextjs.org/docs/messages/next-image-unconfigured-qualities
Image with src "/products/PF170.png" is using quality "85" which is not configured in images.qualities [75]. Please update your config to [75, 85].
Read more: https://nextjs.org/docs/messages/next-image-unconfigured-qualities
Image with src "/products/PF010.png" is using quality "85" which is not configured in images.qualities [75]. Please update your config to [75, 85].
Read more: https://nextjs.org/docs/messages/next-image-unconfigured-qualities
Image with src "/products/PF050.png" is using quality "85" which is not configured in images.qualities [75]. Please update your config to [75, 85].
Read more: https://nextjs.org/docs/messages/next-image-unconfigured-qualities
Image with src "/products/PF060.png" is using quality "85" which is not configured in images.qualities [75]. Please update your config to [75, 85].
Read more: https://nextjs.org/docs/messages/next-image-unconfigured-qualities
Image with src "/products/PF070.png" is using quality "85" which is not configured in images.qualities [75]. Please update your config to [75, 85].
Read more: https://nextjs.org/docs/messages/next-image-unconfigured-qualities
Image with src "/products/PF090.png" is using quality "85" which is not configured in images.qualities [75]. Please update your config to [75, 85].
Read more: https://nextjs.org/docs/messages/next-image-unconfigured-qualities
Image with src "/products/PF100.png" is using quality "85" which is not configured in images.qualities [75]. Please update your config to [75, 85].
Read more: https://nextjs.org/docs/messages/next-image-unconfigured-qualities
Image with src "/products/PF110.png" is using quality "85" which is not configured in images.qualities [75]. Please update your config to [75, 85].
Read more: https://nextjs.org/docs/messages/next-image-unconfigured-qualities
Image with src "/products/PF120.png" is using quality "85" which is not configured in images.qualities [75]. Please update your config to [75, 85].
Read more: https://nextjs.org/docs/messages/next-image-unconfigured-qualities
Image with src "/products/PF130.png" is using quality "85" which is not configured in images.qualities [75]. Please update your config to [75, 85].
Read more: https://nextjs.org/docs/messages/next-image-unconfigured-qualities
Image with src "/products/PF140.png" is using quality "85" which is not configured in images.qualities [75]. Please update your config to [75, 85].
Read more: https://nextjs.org/docs/messages/next-image-unconfigured-qualities
Image with src "/products/PF150.png" is using quality "85" which is not configured in images.qualities [75]. Please update your config to [75, 85].
Read more: https://nextjs.org/docs/messages/next-image-unconfigured-qualities
Image with src "/products/PF160.png" is using quality "85" which is not configured in images.qualities [75]. Please update your config to [75, 85].
Read more: https://nextjs.org/docs/messages/next-image-unconfigured-qualities
Image with src "/products/PF180.png" is using quality "85" which is not configured in images.qualities [75]. Please update your config to [75, 85].
Read more: https://nextjs.org/docs/messages/next-image-unconfigured-qualities
Image with src "/products/PF190.png" is using quality "85" which is not configured in images.qualities [75]. Please update your config to [75, 85].
Read more: https://nextjs.org/docs/messages/next-image-unconfigured-qualities
Image with src "/products/PF200.png" is using quality "85" which is not configured in images.qualities [75]. Please update your config to [75, 85].
Read more: https://nextjs.org/docs/messages/next-image-unconfigured-qualities
Image with src "/products/PF210.png" is using quality "85" which is not configured in images.qualities [75]. Please update your config to [75, 85].
Read more: https://nextjs.org/docs/messages/next-image-unconfigured-qualities
Image with src "/products/PF220.png" is using quality "85" which is not configured in images.qualities [75]. Please update your config to [75, 85].
Read more: https://nextjs.org/docs/messages/next-image-unconfigured-qualities
Image with src "/products/PF230.png" is using quality "85" which is not configured in images.qualities [75]. Please update your config to [75, 85].
Read more: https://nextjs.org/docs/messages/next-image-unconfigured-qualities
Image with src "/products/PF240.png" is using quality "85" which is not configured in images.qualities [75]. Please update your config to [75, 85].
Read more: https://nextjs.org/docs/messages/next-image-unconfigured-qualities
Image with src "/products/PF250.png" is using quality "85" which is not configured in images.qualities [75]. Please update your config to [75, 85].
Read more: https://nextjs.org/docs/messages/next-image-unconfigured-qualities
Image with src "/products/PF260.png" is using quality "85" which is not configured in images.qualities [75]. Please update your config to [75, 85].
Read more: https://nextjs.org/docs/messages/next-image-unconfigured-qualities
Image with src "/products/PF270.png" is using quality "85" which is not configured in images.qualities [75]. Please update your config to [75, 85].
Read more: https://nextjs.org/docs/messages/next-image-unconfigured-qualities
Image with src "/products/PF280.png" is using quality "85" which is not configured in images.qualities [75]. Please update your config to [75, 85].
Read more: https://nextjs.org/docs/messages/next-image-unconfigured-qualities
Image with src "/products/PF290.png" is using quality "85" which is not configured in images.qualities [75]. Please update your config to [75, 85].
Read more: https://nextjs.org/docs/messages/next-image-unconfigured-qualities
Image with src "/products/PF300.png" is using quality "85" which is not configured in images.qualities [75]. Please update your config to [75, 85].
Read more: https://nextjs.org/docs/messages/next-image-unconfigured-qualities
Image with src "/products/PF310.png" is using quality "85" which is not configured in images.qualities [75]. Please update your config to [75, 85].
Read more: https://nextjs.org/docs/messages/next-image-unconfigured-qualities
Image with src "/products/PF320.png" is using quality "85" which is not configured in images.qualities [75]. Please update your config to [75, 85].
Read more: https://nextjs.org/docs/messages/next-image-unconfigured-qualities
Image with src "/products/PF330.png" is using quality "85" which is not configured in images.qualities [75]. Please update your config to [75, 85].
Read more: https://nextjs.org/docs/messages/next-image-unconfigured-qualities
Image with src "/products/PF340.png" is using quality "85" which is not configured in images.qualities [75]. Please update your config to [75, 85].
Read more: https://nextjs.org/docs/messages/next-image-unconfigured-qualities
Image with src "/products/PF350.png" is using quality "85" which is not configured in images.qualities [75]. Please update your config to [75, 85].
Read more: https://nextjs.org/docs/messages/next-image-unconfigured-qualities
Image with src "/products/PF360.png" is using quality "85" which is not configured in images.qualities [75]. Please update your config to [75, 85].
Read more: https://nextjs.org/docs/messages/next-image-unconfigured-qualities
Image with src "/products/PF370.png" is using quality "85" which is not configured in images.qualities [75]. Please update your config to [75, 85].
Read more: https://nextjs.org/docs/messages/next-image-unconfigured-qualities
Image with src "/products/PF380.png" is using quality "85" which is not configured in images.qualities [75]. Please update your config to [75, 85].
Read more: https://nextjs.org/docs/messages/next-image-unconfigured-qualities
Image with src "/products/PF390.png" is using quality "85" which is not configured in images.qualities [75]. Please update your config to [75, 85].
Read more: https://nextjs.org/docs/messages/next-image-unconfigured-qualities
Image with src "/products/PF420.png" is using quality "85" which is not configured in images.qualities [75]. Please update your config to [75, 85].
Read more: https://nextjs.org/docs/messages/next-image-unconfigured-qualities
Image with src "/products/PF100.png" is using quality "80" which is not configured in images.qualities [75]. Please update your config to [75, 80].
Read more: https://nextjs.org/docs/messages/next-image-unconfigured-qualities
Image with src "/products/PF020.png" is using quality "80" which is not configured in images.qualities [75]. Please update your config to [75, 80].
Read more: https://nextjs.org/docs/messages/next-image-unconfigured-qualities
Image with src "/products/PF200.png" is using quality "80" which is not configured in images.qualities [75]. Please update your config to [75, 80].
Read more: https://nextjs.org/docs/messages/next-image-unconfigured-qualities
Image with src "/products/PF110.png" is using quality "80" which is not configured in images.qualities [75]. Please update your config to [75, 80].
Read more: https://nextjs.org/docs/messages/next-image-unconfigured-qualities
[browser] Image with src "/products/PF020.png" is using quality "85" which is not configured in images.qualities [75]. Please update your config to [75, 85].
Read more: https://nextjs.org/docs/messages/next-image-unconfigured-qualities (file://E:/Ai/Parfumesdefoda/.next/dev/static/chunks/node_modules_next_dist_1ybzpk2._.js:2477:13)
[browser] Image with src "/products/PF040.png" is using quality "85" which is not configured in images.qualities [75]. Please update your config to [75, 85].
Read more: https://nextjs.org/docs/messages/next-image-unconfigured-qualities (file://E:/Ai/Parfumesdefoda/.next/dev/static/chunks/node_modules_next_dist_1ybzpk2._.js:2477:13)
[browser] Image with src "/products/PF030.png" is using quality "85" which is not configured in images.qualities [75]. Please update your config to [75, 85].
Read more: https://nextjs.org/docs/messages/next-image-unconfigured-qualities (file://E:/Ai/Parfumesdefoda/.next/dev/static/chunks/node_modules_next_dist_1ybzpk2._.js:2477:13)
[browser] Image with src "/products/PF080.png" is using quality "85" which is not configured in images.qualities [75]. Please update your config to [75, 85].
Read more: https://nextjs.org/docs/messages/next-image-unconfigured-qualities (file://E:/Ai/Parfumesdefoda/.next/dev/static/chunks/node_modules_next_dist_1ybzpk2._.js:2477:13)
[browser] Image with src "/products/PF200.png" is using quality "85" which is not configured in images.qualities [75]. Please update your config to [75, 85].
Read more: https://nextjs.org/docs/messages/next-image-unconfigured-qualities (file://E:/Ai/Parfumesdefoda/.next/dev/static/chunks/node_modules_next_dist_1ybzpk2._.js:2477:13)
[browser] Image with src "/products/PF210.png" is using quality "85" which is not configured in images.qualities [75]. Please update your config to [75, 85].
Read more: https://nextjs.org/docs/messages/next-image-unconfigured-qualities (file://E:/Ai/Parfumesdefoda/.next/dev/static/chunks/node_modules_next_dist_1ybzpk2._.js:2477:13)
[browser] Image with src "/products/PF060.png" is using quality "85" which is not configured in images.qualities [75]. Please update your config to [75, 85].
Read more: https://nextjs.org/docs/messages/next-image-unconfigured-qualities (file://E:/Ai/Parfumesdefoda/.next/dev/static/chunks/node_modules_next_dist_1ybzpk2._.js:2477:13)
[browser] Image with src "/products/PF070.png" is using quality "85" which is not configured in images.qualities [75]. Please update your config to [75, 85].
Read more: https://nextjs.org/docs/messages/next-image-unconfigured-qualities (file://E:/Ai/Parfumesdefoda/.next/dev/static/chunks/node_modules_next_dist_1ybzpk2._.js:2477:13)
[browser] Image with src "/products/PF090.png" is using quality "85" which is not configured in images.qualities [75]. Please update your config to [75, 85].
Read more: https://nextjs.org/docs/messages/next-image-unconfigured-qualities (file://E:/Ai/Parfumesdefoda/.next/dev/static/chunks/node_modules_next_dist_1ybzpk2._.js:2477:13)
[browser] Image with src "/products/PF100.png" is using quality "85" which is not configured in images.qualities [75]. Please update your config to [75, 85].
Read more: https://nextjs.org/docs/messages/next-image-unconfigured-qualities (file://E:/Ai/Parfumesdefoda/.next/dev/static/chunks/node_modules_next_dist_1ybzpk2._.js:2477:13)
[browser] Image with src "/products/PF040.png" is using quality "80" which is not configured in images.qualities [75]. Please update your config to [75, 80].
Read more: https://nextjs.org/docs/messages/next-image-unconfigured-qualities (file://E:/Ai/Parfumesdefoda/.next/dev/static/chunks/node_modules_next_dist_1ybzpk2._.js:2477:13)
[browser] Image with src "/products/PF380.png" is using quality "80" which is not configured in images.qualities [75]. Please update your config to [75, 80].
Read more: https://nextjs.org/docs/messages/next-image-unconfigured-qualities (file://E:/Ai/Parfumesdefoda/.next/dev/static/chunks/node_modules_next_dist_1ybzpk2._.js:2477:13)
[browser] Image with src "/products/PF210.png" is using quality "80" which is not configured in images.qualities [75]. Please update your config to [75, 80].
Read more: https://nextjs.org/docs/messages/next-image-unconfigured-qualities (file://E:/Ai/Parfumesdefoda/.next/dev/static/chunks/node_modules_next_dist_1ybzpk2._.js:2477:13)
[browser] Image with src "/products/PF170.png" is using quality "80" which is not configured in images.qualities [75]. Please update your config to [75, 80].
Read more: https://nextjs.org/docs/messages/next-image-unconfigured-qualities (file://E:/Ai/Parfumesdefoda/.next/dev/static/chunks/node_modules_next_dist_1ybzpk2._.js:2477:13)
[browser] Image with src "/products/PF270.png" is using quality "80" which is not configured in images.qualities [75]. Please update your config to [75, 80].
Read more: https://nextjs.org/docs/messages/next-image-unconfigured-qualities (file://E:/Ai/Parfumesdefoda/.next/dev/static/chunks/node_modules_next_dist_1ybzpk2._.js:2477:13)
[browser] Image with src "/products/PF090.png" is using quality "80" which is not configured in images.qualities [75]. Please update your config to [75, 80].
Read more: https://nextjs.org/docs/messages/next-image-unconfigured-qualities (file://E:/Ai/Parfumesdefoda/.next/dev/static/chunks/node_modules_next_dist_1ybzpk2._.js:2477:13)
[browser] Image with src "/products/PF050.png" is using quality "80" which is not configured in images.qualities [75]. Please update your config to [75, 80].
Read more: https://nextjs.org/docs/messages/next-image-unconfigured-qualities (file://E:/Ai/Parfumesdefoda/.next/dev/static/chunks/node_modules_next_dist_1ybzpk2._.js:2477:13)
[browser] Image with src "/products/PF120.png" is using quality "80" which is not configured in images.qualities [75]. Please update your config to [75, 80].
Read more: https://nextjs.org/docs/messages/next-image-unconfigured-qualities (file://E:/Ai/Parfumesdefoda/.next/dev/static/chunks/node_modules_next_dist_1ybzpk2._.js:2477:13)
[browser] Image with src "/products/PF100.png" is using quality "80" which is not configured in images.qualities [75]. Please update your config to [75, 80].
Read more: https://nextjs.org/docs/messages/next-image-unconfigured-qualities (file://E:/Ai/Parfumesdefoda/.next/dev/static/chunks/node_modules_next_dist_1ybzpk2._.js:2477:13)
[browser] Image with src "/products/PF020.png" is using quality "80" which is not configured in images.qualities [75]. Please update your config to [75, 80].
Read more: https://nextjs.org/docs/messages/next-image-unconfigured-qualities (file://E:/Ai/Parfumesdefoda/.next/dev/static/chunks/node_modules_next_dist_1ybzpk2._.js:2477:13)
[browser] Image with src "/products/PF200.png" is using quality "80" which is not configured in images.qualities [75]. Please update your config to [75, 80].
Read more: https://nextjs.org/docs/messages/next-image-unconfigured-qualities (file://E:/Ai/Parfumesdefoda/.next/dev/static/chunks/node_modules_next_dist_1ybzpk2._.js:2477:13)
[browser] Image with src "/products/PF110.png" is using quality "80" which is not configured in images.qualities [75]. Please update your config to [75, 80].
Read more: https://nextjs.org/docs/messages/next-image-unconfigured-qualities (file://E:/Ai/Parfumesdefoda/.next/dev/static/chunks/node_modules_next_dist_1ybzpk2._.js:2477:13)
[browser] Image with src "/products/PF130.png" is using quality "85" which is not configured in images.qualities [75]. Please update your config to [75, 85].
Read more: https://nextjs.org/docs/messages/next-image-unconfigured-qualities (file://E:/Ai/Parfumesdefoda/.next/dev/static/chunks/node_modules_next_dist_1ybzpk2._.js:2477:13)
[browser] Image with src "/products/PF140.png" is using quality "85" which is not configured in images.qualities [75]. Please update your config to [75, 85].
Read more: https://nextjs.org/docs/messages/next-image-unconfigured-qualities (file://E:/Ai/Parfumesdefoda/.next/dev/static/chunks/node_modules_next_dist_1ybzpk2._.js:2477:13)
[browser] Image with src "/products/PF150.png" is using quality "85" which is not configured in images.qualities [75]. Please update your config to [75, 85].
Read more: https://nextjs.org/docs/messages/next-image-unconfigured-qualities (file://E:/Ai/Parfumesdefoda/.next/dev/static/chunks/node_modules_next_dist_1ybzpk2._.js:2477:13)
[browser] Image with src "/products/PF160.png" is using quality "85" which is not configured in images.qualities [75]. Please update your config to [75, 85].
Read more: https://nextjs.org/docs/messages/next-image-unconfigured-qualities (file://E:/Ai/Parfumesdefoda/.next/dev/static/chunks/node_modules_next_dist_1ybzpk2._.js:2477:13)
[browser] Image with src "/products/PF180.png" is using quality "85" which is not configured in images.qualities [75]. Please update your config to [75, 85].
Read more: https://nextjs.org/docs/messages/next-image-unconfigured-qualities (file://E:/Ai/Parfumesdefoda/.next/dev/static/chunks/node_modules_next_dist_1ybzpk2._.js:2477:13)
[browser] Image with src "/products/PF190.png" is using quality "85" which is not configured in images.qualities [75]. Please update your config to [75, 85].
Read more: https://nextjs.org/docs/messages/next-image-unconfigured-qualities (file://E:/Ai/Parfumesdefoda/.next/dev/static/chunks/node_modules_next_dist_1ybzpk2._.js:2477:13)
[browser] Image with src "/products/PF110.png" is using quality "85" which is not configured in images.qualities [75]. Please update your config to [75, 85].
Read more: https://nextjs.org/docs/messages/next-image-unconfigured-qualities (file://E:/Ai/Parfumesdefoda/.next/dev/static/chunks/node_modules_next_dist_1ybzpk2._.js:2477:13)
[browser] Image with src "/products/PF120.png" is using quality "85" which is not configured in images.qualities [75]. Please update your config to [75, 85].
Read more: https://nextjs.org/docs/messages/next-image-unconfigured-qualities (file://E:/Ai/Parfumesdefoda/.next/dev/static/chunks/node_modules_next_dist_1ybzpk2._.js:2477:13)
[browser] Image with src "/products/PF170.png" is using quality "85" which is not configured in images.qualities [75]. Please update your config to [75, 85].
Read more: https://nextjs.org/docs/messages/next-image-unconfigured-qualities (file://E:/Ai/Parfumesdefoda/.next/dev/static/chunks/node_modules_next_dist_1ybzpk2._.js:2477:13)
[browser] Image with src "/products/PF010.png" is using quality "85" which is not configured in images.qualities [75]. Please update your config to [75, 85].
Read more: https://nextjs.org/docs/messages/next-image-unconfigured-qualities (file://E:/Ai/Parfumesdefoda/.next/dev/static/chunks/node_modules_next_dist_1ybzpk2._.js:2477:13)
[browser] Image with src "/products/PF050.png" is using quality "85" which is not configured in images.qualities [75]. Please update your config to [75, 85].
Read more: https://nextjs.org/docs/messages/next-image-unconfigured-qualities (file://E:/Ai/Parfumesdefoda/.next/dev/static/chunks/node_modules_next_dist_1ybzpk2._.js:2477:13)
[browser] Image with src "/products/PF350.png" is using quality "85" which is not configured in images.qualities [75]. Please update your config to [75, 85].
Read more: https://nextjs.org/docs/messages/next-image-unconfigured-qualities (file://E:/Ai/Parfumesdefoda/.next/dev/static/chunks/node_modules_next_dist_1ybzpk2._.js:2477:13)
[browser] Image with src "/products/PF360.png" is using quality "85" which is not configured in images.qualities [75]. Please update your config to [75, 85].
Read more: https://nextjs.org/docs/messages/next-image-unconfigured-qualities (file://E:/Ai/Parfumesdefoda/.next/dev/static/chunks/node_modules_next_dist_1ybzpk2._.js:2477:13)
[browser] Image with src "/products/PF370.png" is using quality "85" which is not configured in images.qualities [75]. Please update your config to [75, 85].
Read more: https://nextjs.org/docs/messages/next-image-unconfigured-qualities (file://E:/Ai/Parfumesdefoda/.next/dev/static/chunks/node_modules_next_dist_1ybzpk2._.js:2477:13)
[browser] Image with src "/products/PF220.png" is using quality "85" which is not configured in images.qualities [75]. Please update your config to [75, 85].
Read more: https://nextjs.org/docs/messages/next-image-unconfigured-qualities (file://E:/Ai/Parfumesdefoda/.next/dev/static/chunks/node_modules_next_dist_1ybzpk2._.js:2477:13)
[browser] Image with src "/products/PF230.png" is using quality "85" which is not configured in images.qualities [75]. Please update your config to [75, 85].
Read more: https://nextjs.org/docs/messages/next-image-unconfigured-qualities (file://E:/Ai/Parfumesdefoda/.next/dev/static/chunks/node_modules_next_dist_1ybzpk2._.js:2477:13)
[browser] Image with src "/products/PF240.png" is using quality "85" which is not configured in images.qualities [75]. Please update your config to [75, 85].
Read more: https://nextjs.org/docs/messages/next-image-unconfigured-qualities (file://E:/Ai/Parfumesdefoda/.next/dev/static/chunks/node_modules_next_dist_1ybzpk2._.js:2477:13)
[browser] Image with src "/products/PF250.png" is using quality "85" which is not configured in images.qualities [75]. Please update your config to [75, 85].
Read more: https://nextjs.org/docs/messages/next-image-unconfigured-qualities (file://E:/Ai/Parfumesdefoda/.next/dev/static/chunks/node_modules_next_dist_1ybzpk2._.js:2477:13)
[browser] Image with src "/products/PF260.png" is using quality "85" which is not configured in images.qualities [75]. Please update your config to [75, 85].
Read more: https://nextjs.org/docs/messages/next-image-unconfigured-qualities (file://E:/Ai/Parfumesdefoda/.next/dev/static/chunks/node_modules_next_dist_1ybzpk2._.js:2477:13)
[browser] Image with src "/products/PF270.png" is using quality "85" which is not configured in images.qualities [75]. Please update your config to [75, 85].
Read more: https://nextjs.org/docs/messages/next-image-unconfigured-qualities (file://E:/Ai/Parfumesdefoda/.next/dev/static/chunks/node_modules_next_dist_1ybzpk2._.js:2477:13)
[browser] Image with src "/products/PF280.png" is using quality "85" which is not configured in images.qualities [75]. Please update your config to [75, 85].
Read more: https://nextjs.org/docs/messages/next-image-unconfigured-qualities (file://E:/Ai/Parfumesdefoda/.next/dev/static/chunks/node_modules_next_dist_1ybzpk2._.js:2477:13)
[browser] Image with src "/products/PF290.png" is using quality "85" which is not configured in images.qualities [75]. Please update your config to [75, 85].
Read more: https://nextjs.org/docs/messages/next-image-unconfigured-qualities (file://E:/Ai/Parfumesdefoda/.next/dev/static/chunks/node_modules_next_dist_1ybzpk2._.js:2477:13)
[browser] Image with src "/products/PF300.png" is using quality "85" which is not configured in images.qualities [75]. Please update your config to [75, 85].
Read more: https://nextjs.org/docs/messages/next-image-unconfigured-qualities (file://E:/Ai/Parfumesdefoda/.next/dev/static/chunks/node_modules_next_dist_1ybzpk2._.js:2477:13)
[browser] Image with src "/products/PF310.png" is using quality "85" which is not configured in images.qualities [75]. Please update your config to [75, 85].
Read more: https://nextjs.org/docs/messages/next-image-unconfigured-qualities (file://E:/Ai/Parfumesdefoda/.next/dev/static/chunks/node_modules_next_dist_1ybzpk2._.js:2477:13)
[browser] Image with src "/products/PF320.png" is using quality "85" which is not configured in images.qualities [75]. Please update your config to [75, 85].
Read more: https://nextjs.org/docs/messages/next-image-unconfigured-qualities (file://E:/Ai/Parfumesdefoda/.next/dev/static/chunks/node_modules_next_dist_1ybzpk2._.js:2477:13)
[browser] Image with src "/products/PF330.png" is using quality "85" which is not configured in images.qualities [75]. Please update your config to [75, 85].
Read more: https://nextjs.org/docs/messages/next-image-unconfigured-qualities (file://E:/Ai/Parfumesdefoda/.next/dev/static/chunks/node_modules_next_dist_1ybzpk2._.js:2477:13)
[browser] Image with src "/products/PF340.png" is using quality "85" which is not configured in images.qualities [75]. Please update your config to [75, 85].
Read more: https://nextjs.org/docs/messages/next-image-unconfigured-qualities (file://E:/Ai/Parfumesdefoda/.next/dev/static/chunks/node_modules_next_dist_1ybzpk2._.js:2477:13)
[browser] Image with src "/products/PF380.png" is using quality "85" which is not configured in images.qualities [75]. Please update your config to [75, 85].
Read more: https://nextjs.org/docs/messages/next-image-unconfigured-qualities (file://E:/Ai/Parfumesdefoda/.next/dev/static/chunks/node_modules_next_dist_1ybzpk2._.js:2477:13)
[browser] Image with src "/products/PF390.png" is using quality "85" which is not configured in images.qualities [75]. Please update your config to [75, 85].
Read more: https://nextjs.org/docs/messages/next-image-unconfigured-qualities (file://E:/Ai/Parfumesdefoda/.next/dev/static/chunks/node_modules_next_dist_1ybzpk2._.js:2477:13)
[browser] Image with src "/products/PF420.png" is using quality "85" which is not configured in images.qualities [75]. Please update your config to [75, 85].
Read more: https://nextjs.org/docs/messages/next-image-unconfigured-qualities (file://E:/Ai/Parfumesdefoda/.next/dev/static/chunks/node_modules_next_dist_1ybzpk2._.js:2477:13)
[browser] Image with src "/products/PF100.png" was detected as the Largest Contentful Paint (LCP). Please add the `loading="eager"` property if this image is above the fold.
Read more: https://nextjs.org/docs/app/api-reference/components/image#loading (file://E:/Ai/Parfumesdefoda/.next/dev/static/chunks/node_modules_next_dist_1ybzpk2._.js:2477:13)
[browser] Image with src "/products/PF020.png" has "fill" and parent element with invalid "position". Provided "static" should be one of absolute,fixed,relative. (file://E:/Ai/Parfumesdefoda/.next/dev/static/chunks/node_modules_next_dist_1ybzpk2._.js:2477:13)
[browser] Image with src "/products/PF040.png" has "fill" and parent element with invalid "position". Provided "static" should be one of absolute,fixed,relative. (file://E:/Ai/Parfumesdefoda/.next/dev/static/chunks/node_modules_next_dist_1ybzpk2._.js:2477:13)
[browser] Image with src "/products/PF020.png" was detected as the Largest Contentful Paint (LCP). Please add the `loading="eager"` property if this image is above the fold.
Read more: https://nextjs.org/docs/app/api-reference/components/image#loading (file://E:/Ai/Parfumesdefoda/.next/dev/static/chunks/node_modules_next_dist_1ybzpk2._.js:2477:13)
[browser] Image with src "/products/PF030.png" has "fill" and parent element with invalid "position". Provided "static" should be one of absolute,fixed,relative. (file://E:/Ai/Parfumesdefoda/.next/dev/static/chunks/node_modules_next_dist_1ybzpk2._.js:2477:13)
[browser] Image with src "/products/PF080.png" has "fill" and parent element with invalid "position". Provided "static" should be one of absolute,fixed,relative. (file://E:/Ai/Parfumesdefoda/.next/dev/static/chunks/node_modules_next_dist_1ybzpk2._.js:2477:13)
[browser] Image with src "/products/PF170.png" has "fill" and parent element with invalid "position". Provided "static" should be one of absolute,fixed,relative. (file://E:/Ai/Parfumesdefoda/.next/dev/static/chunks/node_modules_next_dist_1ybzpk2._.js:2477:13)
[browser] Image with src "/products/PF010.png" has "fill" and parent element with invalid "position". Provided "static" should be one of absolute,fixed,relative. (file://E:/Ai/Parfumesdefoda/.next/dev/static/chunks/node_modules_next_dist_1ybzpk2._.js:2477:13)
[browser] Image with src "/products/PF360.png" is using quality "80" which is not configured in images.qualities [75]. Please update your config to [75, 80].
Read more: https://nextjs.org/docs/messages/next-image-unconfigured-qualities (file://E:/Ai/Parfumesdefoda/.next/dev/static/chunks/node_modules_next_dist_1ybzpk2._.js:2477:13)
[browser] Image with src "/products/PF250.png" is using quality "80" which is not configured in images.qualities [75]. Please update your config to [75, 80].
Read more: https://nextjs.org/docs/messages/next-image-unconfigured-qualities (file://E:/Ai/Parfumesdefoda/.next/dev/static/chunks/node_modules_next_dist_1ybzpk2._.js:2477:13)
[browser] Image with src "/products/PF180.png" is using quality "80" which is not configured in images.qualities [75]. Please update your config to [75, 80].
Read more: https://nextjs.org/docs/messages/next-image-unconfigured-qualities (file://E:/Ai/Parfumesdefoda/.next/dev/static/chunks/node_modules_next_dist_1ybzpk2._.js:2477:13)
[browser] Image with src "/products/PF060.png" is using quality "80" which is not configured in images.qualities [75]. Please update your config to [75, 80].
Read more: https://nextjs.org/docs/messages/next-image-unconfigured-qualities (file://E:/Ai/Parfumesdefoda/.next/dev/static/chunks/node_modules_next_dist_1ybzpk2._.js:2477:13)
[browser] Image with src "/products/PF190.png" is using quality "80" which is not configured in images.qualities [75]. Please update your config to [75, 80].
Read more: https://nextjs.org/docs/messages/next-image-unconfigured-qualities (file://E:/Ai/Parfumesdefoda/.next/dev/static/chunks/node_modules_next_dist_1ybzpk2._.js:2477:13)
[browser] Image with src "/products/PF350.png" is using quality "80" which is not configured in images.qualities [75]. Please update your config to [75, 80].
Read more: https://nextjs.org/docs/messages/next-image-unconfigured-qualities (file://E:/Ai/Parfumesdefoda/.next/dev/static/chunks/node_modules_next_dist_1ybzpk2._.js:2477:13)
[browser] Image with src "/products/PF290.png" is using quality "80" which is not configured in images.qualities [75]. Please update your config to [75, 80].
Read more: https://nextjs.org/docs/messages/next-image-unconfigured-qualities (file://E:/Ai/Parfumesdefoda/.next/dev/static/chunks/node_modules_next_dist_1ybzpk2._.js:2477:13)
Image with src "/products/PF050.png" is using quality "80" which is not configured in images.qualities [75]. Please update your config to [75, 80].
Read more: https://nextjs.org/docs/messages/next-image-unconfigured-qualities
Image with src "/products/PF090.png" is using quality "80" which is not configured in images.qualities [75]. Please update your config to [75, 80].
Read more: https://nextjs.org/docs/messages/next-image-unconfigured-qualities
Image with src "/products/PF270.png" is using quality "80" which is not configured in images.qualities [75]. Please update your config to [75, 80].
Read more: https://nextjs.org/docs/messages/next-image-unconfigured-qualities
Image with src "/products/PF040.png" is using quality "80" which is not configured in images.qualities [75]. Please update your config to [75, 80].
Read more: https://nextjs.org/docs/messages/next-image-unconfigured-qualities
Image with src "/products/PF120.png" is using quality "80" which is not configured in images.qualities [75]. Please update your config to [75, 80].
Read more: https://nextjs.org/docs/messages/next-image-unconfigured-qualities
Image with src "/products/PF170.png" is using quality "80" which is not configured in images.qualities [75]. Please update your config to [75, 80].
Read more: https://nextjs.org/docs/messages/next-image-unconfigured-qualities
Image with src "/products/PF380.png" is using quality "80" which is not configured in images.qualities [75]. Please update your config to [75, 80].
Read more: https://nextjs.org/docs/messages/next-image-unconfigured-qualities
Image with src "/products/PF210.png" is using quality "80" which is not configured in images.qualities [75]. Please update your config to [75, 80].
Read more: https://nextjs.org/docs/messages/next-image-unconfigured-qualities
Image with src "/products/PF190.png" is using quality "80" which is not configured in images.qualities [75]. Please update your config to [75, 80].
Read more: https://nextjs.org/docs/messages/next-image-unconfigured-qualities
Image with src "/products/PF150.png" is using quality "80" which is not configured in images.qualities [75]. Please update your config to [75, 80].
Read more: https://nextjs.org/docs/messages/next-image-unconfigured-qualities
Image with src "/products/PF420.png" is using quality "80" which is not configured in images.qualities [75]. Please update your config to [75, 80].
Read more: https://nextjs.org/docs/messages/next-image-unconfigured-qualities
Image with src "/products/PF100.png" is using quality "80" which is not configured in images.qualities [75]. Please update your config to [75, 80].
Read more: https://nextjs.org/docs/messages/next-image-unconfigured-qualities
Image with src "/products/PF020.png" is using quality "85" which is not configured in images.qualities [75]. Please update your config to [75, 85].
Read more: https://nextjs.org/docs/messages/next-image-unconfigured-qualities
Image with src "/products/PF040.png" is using quality "85" which is not configured in images.qualities [75]. Please update your config to [75, 85].
Read more: https://nextjs.org/docs/messages/next-image-unconfigured-qualities
Image with src "/products/PF030.png" is using quality "85" which is not configured in images.qualities [75]. Please update your config to [75, 85].
Read more: https://nextjs.org/docs/messages/next-image-unconfigured-qualities
Image with src "/products/PF080.png" is using quality "85" which is not configured in images.qualities [75]. Please update your config to [75, 85].
Read more: https://nextjs.org/docs/messages/next-image-unconfigured-qualities
Image with src "/products/PF170.png" is using quality "85" which is not configured in images.qualities [75]. Please update your config to [75, 85].
Read more: https://nextjs.org/docs/messages/next-image-unconfigured-qualities
Image with src "/products/PF010.png" is using quality "85" which is not configured in images.qualities [75]. Please update your config to [75, 85].
Read more: https://nextjs.org/docs/messages/next-image-unconfigured-qualities
Image with src "/products/PF050.png" is using quality "85" which is not configured in images.qualities [75]. Please update your config to [75, 85].
Read more: https://nextjs.org/docs/messages/next-image-unconfigured-qualities
Image with src "/products/PF060.png" is using quality "85" which is not configured in images.qualities [75]. Please update your config to [75, 85].
Read more: https://nextjs.org/docs/messages/next-image-unconfigured-qualities
Image with src "/products/PF070.png" is using quality "85" which is not configured in images.qualities [75]. Please update your config to [75, 85].
Read more: https://nextjs.org/docs/messages/next-image-unconfigured-qualities
Image with src "/products/PF090.png" is using quality "85" which is not configured in images.qualities [75]. Please update your config to [75, 85].
Read more: https://nextjs.org/docs/messages/next-image-unconfigured-qualities
Image with src "/products/PF100.png" is using quality "85" which is not configured in images.qualities [75]. Please update your config to [75, 85].
Read more: https://nextjs.org/docs/messages/next-image-unconfigured-qualities
Image with src "/products/PF110.png" is using quality "85" which is not configured in images.qualities [75]. Please update your config to [75, 85].
Read more: https://nextjs.org/docs/messages/next-image-unconfigured-qualities
Image with src "/products/PF120.png" is using quality "85" which is not configured in images.qualities [75]. Please update your config to [75, 85].
Read more: https://nextjs.org/docs/messages/next-image-unconfigured-qualities
Image with src "/products/PF130.png" is using quality "85" which is not configured in images.qualities [75]. Please update your config to [75, 85].
Read more: https://nextjs.org/docs/messages/next-image-unconfigured-qualities
Image with src "/products/PF140.png" is using quality "85" which is not configured in images.qualities [75]. Please update your config to [75, 85].
Read more: https://nextjs.org/docs/messages/next-image-unconfigured-qualities
Image with src "/products/PF150.png" is using quality "85" which is not configured in images.qualities [75]. Please update your config to [75, 85].
Read more: https://nextjs.org/docs/messages/next-image-unconfigured-qualities
Image with src "/products/PF160.png" is using quality "85" which is not configured in images.qualities [75]. Please update your config to [75, 85].
Read more: https://nextjs.org/docs/messages/next-image-unconfigured-qualities
Image with src "/products/PF180.png" is using quality "85" which is not configured in images.qualities [75]. Please update your config to [75, 85].
Read more: https://nextjs.org/docs/messages/next-image-unconfigured-qualities
Image with src "/products/PF190.png" is using quality "85" which is not configured in images.qualities [75]. Please update your config to [75, 85].
Read more: https://nextjs.org/docs/messages/next-image-unconfigured-qualities
Image with src "/products/PF200.png" is using quality "85" which is not configured in images.qualities [75]. Please update your config to [75, 85].
Read more: https://nextjs.org/docs/messages/next-image-unconfigured-qualities
Image with src "/products/PF210.png" is using quality "85" which is not configured in images.qualities [75]. Please update your config to [75, 85].
Read more: https://nextjs.org/docs/messages/next-image-unconfigured-qualities
Image with src "/products/PF220.png" is using quality "85" which is not configured in images.qualities [75]. Please update your config to [75, 85].
Read more: https://nextjs.org/docs/messages/next-image-unconfigured-qualities
Image with src "/products/PF230.png" is using quality "85" which is not configured in images.qualities [75]. Please update your config to [75, 85].
Read more: https://nextjs.org/docs/messages/next-image-unconfigured-qualities
Image with src "/products/PF240.png" is using quality "85" which is not configured in images.qualities [75]. Please update your config to [75, 85].
Read more: https://nextjs.org/docs/messages/next-image-unconfigured-qualities
Image with src "/products/PF250.png" is using quality "85" which is not configured in images.qualities [75]. Please update your config to [75, 85].
Read more: https://nextjs.org/docs/messages/next-image-unconfigured-qualities
Image with src "/products/PF260.png" is using quality "85" which is not configured in images.qualities [75]. Please update your config to [75, 85].
Read more: https://nextjs.org/docs/messages/next-image-unconfigured-qualities
Image with src "/products/PF270.png" is using quality "85" which is not configured in images.qualities [75]. Please update your config to [75, 85].
Read more: https://nextjs.org/docs/messages/next-image-unconfigured-qualities
Image with src "/products/PF280.png" is using quality "85" which is not configured in images.qualities [75]. Please update your config to [75, 85].
Read more: https://nextjs.org/docs/messages/next-image-unconfigured-qualities
Image with src "/products/PF290.png" is using quality "85" which is not configured in images.qualities [75]. Please update your config to [75, 85].
Read more: https://nextjs.org/docs/messages/next-image-unconfigured-qualities
Image with src "/products/PF300.png" is using quality "85" which is not configured in images.qualities [75]. Please update your config to [75, 85].
Read more: https://nextjs.org/docs/messages/next-image-unconfigured-qualities
Image with src "/products/PF310.png" is using quality "85" which is not configured in images.qualities [75]. Please update your config to [75, 85].
Read more: https://nextjs.org/docs/messages/next-image-unconfigured-qualities
Image with src "/products/PF320.png" is using quality "85" which is not configured in images.qualities [75]. Please update your config to [75, 85].
Read more: https://nextjs.org/docs/messages/next-image-unconfigured-qualities
Image with src "/products/PF330.png" is using quality "85" which is not configured in images.qualities [75]. Please update your config to [75, 85].
Read more: https://nextjs.org/docs/messages/next-image-unconfigured-qualities
Image with src "/products/PF340.png" is using quality "85" which is not configured in images.qualities [75]. Please update your config to [75, 85].
Read more: https://nextjs.org/docs/messages/next-image-unconfigured-qualities
Image with src "/products/PF350.png" is using quality "85" which is not configured in images.qualities [75]. Please update your config to [75, 85].
Read more: https://nextjs.org/docs/messages/next-image-unconfigured-qualities
Image with src "/products/PF360.png" is using quality "85" which is not configured in images.qualities [75]. Please update your config to [75, 85].
Read more: https://nextjs.org/docs/messages/next-image-unconfigured-qualities
Image with src "/products/PF370.png" is using quality "85" which is not configured in images.qualities [75]. Please update your config to [75, 85].
Read more: https://nextjs.org/docs/messages/next-image-unconfigured-qualities
Image with src "/products/PF380.png" is using quality "85" which is not configured in images.qualities [75]. Please update your config to [75, 85].
Read more: https://nextjs.org/docs/messages/next-image-unconfigured-qualities
Image with src "/products/PF390.png" is using quality "85" which is not configured in images.qualities [75]. Please update your config to [75, 85].
Read more: https://nextjs.org/docs/messages/next-image-unconfigured-qualities
Image with src "/products/PF420.png" is using quality "85" which is not configured in images.qualities [75]. Please update your config to [75, 85].
Read more: https://nextjs.org/docs/messages/next-image-unconfigured-qualities
Image with src "/products/PF040.png" is using quality "90" which is not configured in images.qualities [75]. Please update your config to [75, 90].
Read more: https://nextjs.org/docs/messages/next-image-unconfigured-qualities
[browser] Image with src "/products/PF040.png" is using quality "90" which is not configured in images.qualities [75]. Please update your config to [75, 90].
Read more: https://nextjs.org/docs/messages/next-image-unconfigured-qualities (file://E:/Ai/Parfumesdefoda/.next/dev/static/chunks/node_modules_next_dist_1ybzpk2._.js:2477:13)
Image with src "/products/PF160.png" is using quality "80" which is not configured in images.qualities [75]. Please update your config to [75, 80].
Read more: https://nextjs.org/docs/messages/next-image-unconfigured-qualities
Image with src "/products/PF280.png" is using quality "80" which is not configured in images.qualities [75]. Please update your config to [75, 80].
Read more: https://nextjs.org/docs/messages/next-image-unconfigured-qualities
Image with src "/products/PF310.png" is using quality "80" which is not configured in images.qualities [75]. Please update your config to [75, 80].
Read more: https://nextjs.org/docs/messages/next-image-unconfigured-qualities
[browser] Image with src "/products/PF380.png" is using quality "80" which is not configured in images.qualities [75]. Please update your config to [75, 80].
Read more: https://nextjs.org/docs/messages/next-image-unconfigured-qualities (file://E:/Ai/Parfumesdefoda/.next/dev/static/chunks/node_modules_next_dist_1ybzpk2._.js:2477:13)
[browser] Image with src "/products/PF120.png" is using quality "80" which is not configured in images.qualities [75]. Please update your config to [75, 80].
Read more: https://nextjs.org/docs/messages/next-image-unconfigured-qualities (file://E:/Ai/Parfumesdefoda/.next/dev/static/chunks/node_modules_next_dist_1ybzpk2._.js:2477:13)
[browser] Image with src "/products/PF090.png" is using quality "80" which is not configured in images.qualities [75]. Please update your config to [75, 80].
Read more: https://nextjs.org/docs/messages/next-image-unconfigured-qualities (file://E:/Ai/Parfumesdefoda/.next/dev/static/chunks/node_modules_next_dist_1ybzpk2._.js:2477:13)
[browser] Image with src "/products/PF040.png" is using quality "80" which is not configured in images.qualities [75]. Please update your config to [75, 80].
Read more: https://nextjs.org/docs/messages/next-image-unconfigured-qualities (file://E:/Ai/Parfumesdefoda/.next/dev/static/chunks/node_modules_next_dist_1ybzpk2._.js:2477:13)
[browser] Image with src "/products/PF210.png" is using quality "80" which is not configured in images.qualities [75]. Please update your config to [75, 80].
Read more: https://nextjs.org/docs/messages/next-image-unconfigured-qualities (file://E:/Ai/Parfumesdefoda/.next/dev/static/chunks/node_modules_next_dist_1ybzpk2._.js:2477:13)
[browser] Image with src "/products/PF170.png" is using quality "80" which is not configured in images.qualities [75]. Please update your config to [75, 80].
Read more: https://nextjs.org/docs/messages/next-image-unconfigured-qualities (file://E:/Ai/Parfumesdefoda/.next/dev/static/chunks/node_modules_next_dist_1ybzpk2._.js:2477:13)
[browser] Image with src "/products/PF270.png" is using quality "80" which is not configured in images.qualities [75]. Please update your config to [75, 80].
Read more: https://nextjs.org/docs/messages/next-image-unconfigured-qualities (file://E:/Ai/Parfumesdefoda/.next/dev/static/chunks/node_modules_next_dist_1ybzpk2._.js:2477:13)
[browser] Image with src "/products/PF050.png" is using quality "80" which is not configured in images.qualities [75]. Please update your config to [75, 80].
Read more: https://nextjs.org/docs/messages/next-image-unconfigured-qualities (file://E:/Ai/Parfumesdefoda/.next/dev/static/chunks/node_modules_next_dist_1ybzpk2._.js:2477:13)
[browser] Image with src "/products/PF160.png" is using quality "80" which is not configured in images.qualities [75]. Please update your config to [75, 80].
Read more: https://nextjs.org/docs/messages/next-image-unconfigured-qualities (file://E:/Ai/Parfumesdefoda/.next/dev/static/chunks/node_modules_next_dist_1ybzpk2._.js:2477:13)
[browser] Image with src "/products/PF280.png" is using quality "80" which is not configured in images.qualities [75]. Please update your config to [75, 80].
Read more: https://nextjs.org/docs/messages/next-image-unconfigured-qualities (file://E:/Ai/Parfumesdefoda/.next/dev/static/chunks/node_modules_next_dist_1ybzpk2._.js:2477:13)
[browser] Image with src "/products/PF310.png" is using quality "80" which is not configured in images.qualities [75]. Please update your config to [75, 80].
Read more: https://nextjs.org/docs/messages/next-image-unconfigured-qualities (file://E:/Ai/Parfumesdefoda/.next/dev/static/chunks/node_modules_next_dist_1ybzpk2._.js:2477:13)
[browser] Image with src "/products/PF100.png" is using quality "80" which is not configured in images.qualities [75]. Please update your config to [75, 80].
Read more: https://nextjs.org/docs/messages/next-image-unconfigured-qualities (file://E:/Ai/Parfumesdefoda/.next/dev/static/chunks/node_modules_next_dist_1ybzpk2._.js:2477:13)
[browser] Image with src "/products/PF020.png" is using quality "85" which is not configured in images.qualities [75]. Please update your config to [75, 85].
Read more: https://nextjs.org/docs/messages/next-image-unconfigured-qualities (file://E:/Ai/Parfumesdefoda/.next/dev/static/chunks/node_modules_next_dist_1ybzpk2._.js:2477:13)
[browser] Image with src "/products/PF040.png" is using quality "85" which is not configured in images.qualities [75]. Please update your config to [75, 85].
Read more: https://nextjs.org/docs/messages/next-image-unconfigured-qualities (file://E:/Ai/Parfumesdefoda/.next/dev/static/chunks/node_modules_next_dist_1ybzpk2._.js:2477:13)
[browser] Image with src "/products/PF030.png" is using quality "85" which is not configured in images.qualities [75]. Please update your config to [75, 85].
Read more: https://nextjs.org/docs/messages/next-image-unconfigured-qualities (file://E:/Ai/Parfumesdefoda/.next/dev/static/chunks/node_modules_next_dist_1ybzpk2._.js:2477:13)
[browser] Image with src "/products/PF080.png" is using quality "85" which is not configured in images.qualities [75]. Please update your config to [75, 85].
Read more: https://nextjs.org/docs/messages/next-image-unconfigured-qualities (file://E:/Ai/Parfumesdefoda/.next/dev/static/chunks/node_modules_next_dist_1ybzpk2._.js:2477:13)
[browser] Image with src "/products/PF170.png" is using quality "85" which is not configured in images.qualities [75]. Please update your config to [75, 85].
Read more: https://nextjs.org/docs/messages/next-image-unconfigured-qualities (file://E:/Ai/Parfumesdefoda/.next/dev/static/chunks/node_modules_next_dist_1ybzpk2._.js:2477:13)
[browser] Image with src "/products/PF010.png" is using quality "85" which is not configured in images.qualities [75]. Please update your config to [75, 85].
Read more: https://nextjs.org/docs/messages/next-image-unconfigured-qualities (file://E:/Ai/Parfumesdefoda/.next/dev/static/chunks/node_modules_next_dist_1ybzpk2._.js:2477:13)
[browser] Image with src "/products/PF050.png" is using quality "85" which is not configured in images.qualities [75]. Please update your config to [75, 85].
Read more: https://nextjs.org/docs/messages/next-image-unconfigured-qualities (file://E:/Ai/Parfumesdefoda/.next/dev/static/chunks/node_modules_next_dist_1ybzpk2._.js:2477:13)
[browser] Image with src "/products/PF060.png" is using quality "85" which is not configured in images.qualities [75]. Please update your config to [75, 85].
Read more: https://nextjs.org/docs/messages/next-image-unconfigured-qualities (file://E:/Ai/Parfumesdefoda/.next/dev/static/chunks/node_modules_next_dist_1ybzpk2._.js:2477:13)
[browser] Image with src "/products/PF070.png" is using quality "85" which is not configured in images.qualities [75]. Please update your config to [75, 85].
Read more: https://nextjs.org/docs/messages/next-image-unconfigured-qualities (file://E:/Ai/Parfumesdefoda/.next/dev/static/chunks/node_modules_next_dist_1ybzpk2._.js:2477:13)
[browser] Image with src "/products/PF090.png" is using quality "85" which is not configured in images.qualities [75]. Please update your config to [75, 85].
Read more: https://nextjs.org/docs/messages/next-image-unconfigured-qualities (file://E:/Ai/Parfumesdefoda/.next/dev/static/chunks/node_modules_next_dist_1ybzpk2._.js:2477:13)
[browser] Image with src "/products/PF100.png" is using quality "85" which is not configured in images.qualities [75]. Please update your config to [75, 85].
Read more: https://nextjs.org/docs/messages/next-image-unconfigured-qualities (file://E:/Ai/Parfumesdefoda/.next/dev/static/chunks/node_modules_next_dist_1ybzpk2._.js:2477:13)
[browser] Image with src "/products/PF110.png" is using quality "85" which is not configured in images.qualities [75]. Please update your config to [75, 85].
Read more: https://nextjs.org/docs/messages/next-image-unconfigured-qualities (file://E:/Ai/Parfumesdefoda/.next/dev/static/chunks/node_modules_next_dist_1ybzpk2._.js:2477:13)
[browser] Image with src "/products/PF120.png" is using quality "85" which is not configured in images.qualities [75]. Please update your config to [75, 85].
Read more: https://nextjs.org/docs/messages/next-image-unconfigured-qualities (file://E:/Ai/Parfumesdefoda/.next/dev/static/chunks/node_modules_next_dist_1ybzpk2._.js:2477:13)
[browser] Image with src "/products/PF130.png" is using quality "85" which is not configured in images.qualities [75]. Please update your config to [75, 85].
Read more: https://nextjs.org/docs/messages/next-image-unconfigured-qualities (file://E:/Ai/Parfumesdefoda/.next/dev/static/chunks/node_modules_next_dist_1ybzpk2._.js:2477:13)
[browser] Image with src "/products/PF140.png" is using quality "85" which is not configured in images.qualities [75]. Please update your config to [75, 85].
Read more: https://nextjs.org/docs/messages/next-image-unconfigured-qualities (file://E:/Ai/Parfumesdefoda/.next/dev/static/chunks/node_modules_next_dist_1ybzpk2._.js:2477:13)
[browser] Image with src "/products/PF150.png" is using quality "85" which is not configured in images.qualities [75]. Please update your config to [75, 85].
Read more: https://nextjs.org/docs/messages/next-image-unconfigured-qualities (file://E:/Ai/Parfumesdefoda/.next/dev/static/chunks/node_modules_next_dist_1ybzpk2._.js:2477:13)
[browser] Image with src "/products/PF160.png" is using quality "85" which is not configured in images.qualities [75]. Please update your config to [75, 85].
Read more: https://nextjs.org/docs/messages/next-image-unconfigured-qualities (file://E:/Ai/Parfumesdefoda/.next/dev/static/chunks/node_modules_next_dist_1ybzpk2._.js:2477:13)
[browser] Image with src "/products/PF180.png" is using quality "85" which is not configured in images.qualities [75]. Please update your config to [75, 85].
Read more: https://nextjs.org/docs/messages/next-image-unconfigured-qualities (file://E:/Ai/Parfumesdefoda/.next/dev/static/chunks/node_modules_next_dist_1ybzpk2._.js:2477:13)
[browser] Image with src "/products/PF190.png" is using quality "85" which is not configured in images.qualities [75]. Please update your config to [75, 85].
Read more: https://nextjs.org/docs/messages/next-image-unconfigured-qualities (file://E:/Ai/Parfumesdefoda/.next/dev/static/chunks/node_modules_next_dist_1ybzpk2._.js:2477:13)
[browser] Image with src "/products/PF200.png" is using quality "85" which is not configured in images.qualities [75]. Please update your config to [75, 85].
Read more: https://nextjs.org/docs/messages/next-image-unconfigured-qualities (file://E:/Ai/Parfumesdefoda/.next/dev/static/chunks/node_modules_next_dist_1ybzpk2._.js:2477:13)
[browser] Image with src "/products/PF210.png" is using quality "85" which is not configured in images.qualities [75]. Please update your config to [75, 85].
Read more: https://nextjs.org/docs/messages/next-image-unconfigured-qualities (file://E:/Ai/Parfumesdefoda/.next/dev/static/chunks/node_modules_next_dist_1ybzpk2._.js:2477:13)
[browser] Image with src "/products/PF220.png" is using quality "85" which is not configured in images.qualities [75]. Please update your config to [75, 85].
Read more: https://nextjs.org/docs/messages/next-image-unconfigured-qualities (file://E:/Ai/Parfumesdefoda/.next/dev/static/chunks/node_modules_next_dist_1ybzpk2._.js:2477:13)
[browser] Image with src "/products/PF230.png" is using quality "85" which is not configured in images.qualities [75]. Please update your config to [75, 85].
Read more: https://nextjs.org/docs/messages/next-image-unconfigured-qualities (file://E:/Ai/Parfumesdefoda/.next/dev/static/chunks/node_modules_next_dist_1ybzpk2._.js:2477:13)
[browser] Image with src "/products/PF240.png" is using quality "85" which is not configured in images.qualities [75]. Please update your config to [75, 85].
Read more: https://nextjs.org/docs/messages/next-image-unconfigured-qualities (file://E:/Ai/Parfumesdefoda/.next/dev/static/chunks/node_modules_next_dist_1ybzpk2._.js:2477:13)
[browser] Image with src "/products/PF250.png" is using quality "85" which is not configured in images.qualities [75]. Please update your config to [75, 85].
Read more: https://nextjs.org/docs/messages/next-image-unconfigured-qualities (file://E:/Ai/Parfumesdefoda/.next/dev/static/chunks/node_modules_next_dist_1ybzpk2._.js:2477:13)
[browser] Image with src "/products/PF260.png" is using quality "85" which is not configured in images.qualities [75]. Please update your config to [75, 85].
Read more: https://nextjs.org/docs/messages/next-image-unconfigured-qualities (file://E:/Ai/Parfumesdefoda/.next/dev/static/chunks/node_modules_next_dist_1ybzpk2._.js:2477:13)
[browser] Image with src "/products/PF270.png" is using quality "85" which is not configured in images.qualities [75]. Please update your config to [75, 85].
Read more: https://nextjs.org/docs/messages/next-image-unconfigured-qualities (file://E:/Ai/Parfumesdefoda/.next/dev/static/chunks/node_modules_next_dist_1ybzpk2._.js:2477:13)
[browser] Image with src "/products/PF280.png" is using quality "85" which is not configured in images.qualities [75]. Please update your config to [75, 85].
Read more: https://nextjs.org/docs/messages/next-image-unconfigured-qualities (file://E:/Ai/Parfumesdefoda/.next/dev/static/chunks/node_modules_next_dist_1ybzpk2._.js:2477:13)
[browser] Image with src "/products/PF290.png" is using quality "85" which is not configured in images.qualities [75]. Please update your config to [75, 85].
Read more: https://nextjs.org/docs/messages/next-image-unconfigured-qualities (file://E:/Ai/Parfumesdefoda/.next/dev/static/chunks/node_modules_next_dist_1ybzpk2._.js:2477:13)
[browser] Image with src "/products/PF300.png" is using quality "85" which is not configured in images.qualities [75]. Please update your config to [75, 85].
Read more: https://nextjs.org/docs/messages/next-image-unconfigured-qualities (file://E:/Ai/Parfumesdefoda/.next/dev/static/chunks/node_modules_next_dist_1ybzpk2._.js:2477:13)
[browser] Image with src "/products/PF310.png" is using quality "85" which is not configured in images.qualities [75]. Please update your config to [75, 85].
Read more: https://nextjs.org/docs/messages/next-image-unconfigured-qualities (file://E:/Ai/Parfumesdefoda/.next/dev/static/chunks/node_modules_next_dist_1ybzpk2._.js:2477:13)
[browser] Image with src "/products/PF320.png" is using quality "85" which is not configured in images.qualities [75]. Please update your config to [75, 85].
Read more: https://nextjs.org/docs/messages/next-image-unconfigured-qualities (file://E:/Ai/Parfumesdefoda/.next/dev/static/chunks/node_modules_next_dist_1ybzpk2._.js:2477:13)
[browser] Image with src "/products/PF330.png" is using quality "85" which is not configured in images.qualities [75]. Please update your config to [75, 85].
Read more: https://nextjs.org/docs/messages/next-image-unconfigured-qualities (file://E:/Ai/Parfumesdefoda/.next/dev/static/chunks/node_modules_next_dist_1ybzpk2._.js:2477:13)
[browser] Image with src "/products/PF340.png" is using quality "85" which is not configured in images.qualities [75]. Please update your config to [75, 85].
Read more: https://nextjs.org/docs/messages/next-image-unconfigured-qualities (file://E:/Ai/Parfumesdefoda/.next/dev/static/chunks/node_modules_next_dist_1ybzpk2._.js:2477:13)
[browser] Image with src "/products/PF350.png" is using quality "85" which is not configured in images.qualities [75]. Please update your config to [75, 85].
Read more: https://nextjs.org/docs/messages/next-image-unconfigured-qualities (file://E:/Ai/Parfumesdefoda/.next/dev/static/chunks/node_modules_next_dist_1ybzpk2._.js:2477:13)
[browser] Image with src "/products/PF360.png" is using quality "85" which is not configured in images.qualities [75]. Please update your config to [75, 85].
Read more: https://nextjs.org/docs/messages/next-image-unconfigured-qualities (file://E:/Ai/Parfumesdefoda/.next/dev/static/chunks/node_modules_next_dist_1ybzpk2._.js:2477:13)
[browser] Image with src "/products/PF370.png" is using quality "85" which is not configured in images.qualities [75]. Please update your config to [75, 85].
Read more: https://nextjs.org/docs/messages/next-image-unconfigured-qualities (file://E:/Ai/Parfumesdefoda/.next/dev/static/chunks/node_modules_next_dist_1ybzpk2._.js:2477:13)
[browser] Image with src "/products/PF380.png" is using quality "85" which is not configured in images.qualities [75]. Please update your config to [75, 85].
Read more: https://nextjs.org/docs/messages/next-image-unconfigured-qualities (file://E:/Ai/Parfumesdefoda/.next/dev/static/chunks/node_modules_next_dist_1ybzpk2._.js:2477:13)
[browser] Image with src "/products/PF390.png" is using quality "85" which is not configured in images.qualities [75]. Please update your config to [75, 85].
Read more: https://nextjs.org/docs/messages/next-image-unconfigured-qualities (file://E:/Ai/Parfumesdefoda/.next/dev/static/chunks/node_modules_next_dist_1ybzpk2._.js:2477:13)
[browser] Image with src "/products/PF420.png" is using quality "85" which is not configured in images.qualities [75]. Please update your config to [75, 85].
Read more: https://nextjs.org/docs/messages/next-image-unconfigured-qualities (file://E:/Ai/Parfumesdefoda/.next/dev/static/chunks/node_modules_next_dist_1ybzpk2._.js:2477:13)
[browser] Image with src "/products/PF020.png" has "fill" and parent element with invalid "position". Provided "static" should be one of absolute,fixed,relative. (file://E:/Ai/Parfumesdefoda/.next/dev/static/chunks/node_modules_next_dist_1ybzpk2._.js:2477:13)
[browser] Image with src "/products/PF080.png" has "fill" and parent element with invalid "position". Provided "static" should be one of absolute,fixed,relative. (file://E:/Ai/Parfumesdefoda/.next/dev/static/chunks/node_modules_next_dist_1ybzpk2._.js:2477:13)
[browser] Image with src "/products/PF040.png" has "fill" and parent element with invalid "position". Provided "static" should be one of absolute,fixed,relative. (file://E:/Ai/Parfumesdefoda/.next/dev/static/chunks/node_modules_next_dist_1ybzpk2._.js:2477:13)
[browser] Image with src "/products/PF020.png" was detected as the Largest Contentful Paint (LCP). Please add the `loading="eager"` property if this image is above the fold.
Read more: https://nextjs.org/docs/app/api-reference/components/image#loading (file://E:/Ai/Parfumesdefoda/.next/dev/static/chunks/node_modules_next_dist_1ybzpk2._.js:2477:13)
[browser] Image with src "/products/PF030.png" has "fill" and parent element with invalid "position". Provided "static" should be one of absolute,fixed,relative. (file://E:/Ai/Parfumesdefoda/.next/dev/static/chunks/node_modules_next_dist_1ybzpk2._.js:2477:13)
[browser] Image with src "/products/PF170.png" has "fill" and parent element with invalid "position". Provided "static" should be one of absolute,fixed,relative. (file://E:/Ai/Parfumesdefoda/.next/dev/static/chunks/node_modules_next_dist_1ybzpk2._.js:2477:13)
[browser] Image with src "/products/PF010.png" has "fill" and parent element with invalid "position". Provided "static" should be one of absolute,fixed,relative. (file://E:/Ai/Parfumesdefoda/.next/dev/static/chunks/node_modules_next_dist_1ybzpk2._.js:2477:13)
[browser] Image with src "/products/PF250.png" is using quality "80" which is not configured in images.qualities [75]. Please update your config to [75, 80].
Read more: https://nextjs.org/docs/messages/next-image-unconfigured-qualities (file://E:/Ai/Parfumesdefoda/.next/dev/static/chunks/node_modules_next_dist_1ybzpk2._.js:2477:13)
[browser] Image with src "/products/PF130.png" is using quality "80" which is not configured in images.qualities [75]. Please update your config to [75, 80].
Read more: https://nextjs.org/docs/messages/next-image-unconfigured-qualities (file://E:/Ai/Parfumesdefoda/.next/dev/static/chunks/node_modules_next_dist_1ybzpk2._.js:2477:13)
[browser] Image with src "/products/PF360.png" is using quality "80" which is not configured in images.qualities [75]. Please update your config to [75, 80].
Read more: https://nextjs.org/docs/messages/next-image-unconfigured-qualities (file://E:/Ai/Parfumesdefoda/.next/dev/static/chunks/node_modules_next_dist_1ybzpk2._.js:2477:13)
[browser] Image with src "/products/PF320.png" is using quality "80" which is not configured in images.qualities [75]. Please update your config to [75, 80].
Read more: https://nextjs.org/docs/messages/next-image-unconfigured-qualities (file://E:/Ai/Parfumesdefoda/.next/dev/static/chunks/node_modules_next_dist_1ybzpk2._.js:2477:13)
Image with src "/products/PF040.png" is using quality "90" which is not configured in images.qualities [75]. Please update your config to [75, 90].
Read more: https://nextjs.org/docs/messages/next-image-unconfigured-qualities
[browser] Image with src "/products/PF040.png" is using quality "90" which is not configured in images.qualities [75]. Please update your config to [75, 90].
Read more: https://nextjs.org/docs/messages/next-image-unconfigured-qualities (file://E:/Ai/Parfumesdefoda/.next/dev/static/chunks/node_modules_next_dist_1ybzpk2._.js:2477:13)
Image with src "/products/PF210.png" is using quality "80" which is not configured in images.qualities [75]. Please update your config to [75, 80].
Read more: https://nextjs.org/docs/messages/next-image-unconfigured-qualities
Image with src "/products/PF120.png" is using quality "80" which is not configured in images.qualities [75]. Please update your config to [75, 80].
Read more: https://nextjs.org/docs/messages/next-image-unconfigured-qualities
Image with src "/products/PF090.png" is using quality "80" which is not configured in images.qualities [75]. Please update your config to [75, 80].
Read more: https://nextjs.org/docs/messages/next-image-unconfigured-qualities
Image with src "/products/PF050.png" is using quality "80" which is not configured in images.qualities [75]. Please update your config to [75, 80].
Read more: https://nextjs.org/docs/messages/next-image-unconfigured-qualities
Image with src "/products/PF380.png" is using quality "80" which is not configured in images.qualities [75]. Please update your config to [75, 80].
Read more: https://nextjs.org/docs/messages/next-image-unconfigured-qualities
Image with src "/products/PF170.png" is using quality "80" which is not configured in images.qualities [75]. Please update your config to [75, 80].
Read more: https://nextjs.org/docs/messages/next-image-unconfigured-qualities
Image with src "/products/PF270.png" is using quality "80" which is not configured in images.qualities [75]. Please update your config to [75, 80].
Read more: https://nextjs.org/docs/messages/next-image-unconfigured-qualities
Image with src "/products/PF040.png" is using quality "80" which is not configured in images.qualities [75]. Please update your config to [75, 80].
Read more: https://nextjs.org/docs/messages/next-image-unconfigured-qualities
Image with src "/products/PF390.png" is using quality "80" which is not configured in images.qualities [75]. Please update your config to [75, 80].
Read more: https://nextjs.org/docs/messages/next-image-unconfigured-qualities
Image with src "/products/PF300.png" is using quality "80" which is not configured in images.qualities [75]. Please update your config to [75, 80].
Read more: https://nextjs.org/docs/messages/next-image-unconfigured-qualities
Image with src "/products/PF280.png" is using quality "80" which is not configured in images.qualities [75]. Please update your config to [75, 80].
Read more: https://nextjs.org/docs/messages/next-image-unconfigured-qualities
Image with src "/products/PF150.png" is using quality "80" which is not configured in images.qualities [75]. Please update your config to [75, 80].
Read more: https://nextjs.org/docs/messages/next-image-unconfigured-qualities
Image with src "/products/PF020.png" is using quality "85" which is not configured in images.qualities [75]. Please update your config to [75, 85].
Read more: https://nextjs.org/docs/messages/next-image-unconfigured-qualities
Image with src "/products/PF040.png" is using quality "85" which is not configured in images.qualities [75]. Please update your config to [75, 85].
Read more: https://nextjs.org/docs/messages/next-image-unconfigured-qualities
Image with src "/products/PF030.png" is using quality "85" which is not configured in images.qualities [75]. Please update your config to [75, 85].
Read more: https://nextjs.org/docs/messages/next-image-unconfigured-qualities
Image with src "/products/PF080.png" is using quality "85" which is not configured in images.qualities [75]. Please update your config to [75, 85].
Read more: https://nextjs.org/docs/messages/next-image-unconfigured-qualities
Image with src "/products/PF170.png" is using quality "85" which is not configured in images.qualities [75]. Please update your config to [75, 85].
Read more: https://nextjs.org/docs/messages/next-image-unconfigured-qualities
Image with src "/products/PF010.png" is using quality "85" which is not configured in images.qualities [75]. Please update your config to [75, 85].
Read more: https://nextjs.org/docs/messages/next-image-unconfigured-qualities
Image with src "/products/PF050.png" is using quality "85" which is not configured in images.qualities [75]. Please update your config to [75, 85].
Read more: https://nextjs.org/docs/messages/next-image-unconfigured-qualities
Image with src "/products/PF060.png" is using quality "85" which is not configured in images.qualities [75]. Please update your config to [75, 85].
Read more: https://nextjs.org/docs/messages/next-image-unconfigured-qualities
Image with src "/products/PF070.png" is using quality "85" which is not configured in images.qualities [75]. Please update your config to [75, 85].
Read more: https://nextjs.org/docs/messages/next-image-unconfigured-qualities
Image with src "/products/PF090.png" is using quality "85" which is not configured in images.qualities [75]. Please update your config to [75, 85].
Read more: https://nextjs.org/docs/messages/next-image-unconfigured-qualities
Image with src "/products/PF100.png" is using quality "85" which is not configured in images.qualities [75]. Please update your config to [75, 85].
Read more: https://nextjs.org/docs/messages/next-image-unconfigured-qualities
Image with src "/products/PF110.png" is using quality "85" which is not configured in images.qualities [75]. Please update your config to [75, 85].
Read more: https://nextjs.org/docs/messages/next-image-unconfigured-qualities
Image with src "/products/PF120.png" is using quality "85" which is not configured in images.qualities [75]. Please update your config to [75, 85].
Read more: https://nextjs.org/docs/messages/next-image-unconfigured-qualities
Image with src "/products/PF130.png" is using quality "85" which is not configured in images.qualities [75]. Please update your config to [75, 85].
Read more: https://nextjs.org/docs/messages/next-image-unconfigured-qualities
Image with src "/products/PF140.png" is using quality "85" which is not configured in images.qualities [75]. Please update your config to [75, 85].
Read more: https://nextjs.org/docs/messages/next-image-unconfigured-qualities
Image with src "/products/PF150.png" is using quality "85" which is not configured in images.qualities [75]. Please update your config to [75, 85].
Read more: https://nextjs.org/docs/messages/next-image-unconfigured-qualities
Image with src "/products/PF160.png" is using quality "85" which is not configured in images.qualities [75]. Please update your config to [75, 85].
Read more: https://nextjs.org/docs/messages/next-image-unconfigured-qualities
Image with src "/products/PF180.png" is using quality "85" which is not configured in images.qualities [75]. Please update your config to [75, 85].
Read more: https://nextjs.org/docs/messages/next-image-unconfigured-qualities
Image with src "/products/PF190.png" is using quality "85" which is not configured in images.qualities [75]. Please update your config to [75, 85].
Read more: https://nextjs.org/docs/messages/next-image-unconfigured-qualities
Image with src "/products/PF200.png" is using quality "85" which is not configured in images.qualities [75]. Please update your config to [75, 85].
Read more: https://nextjs.org/docs/messages/next-image-unconfigured-qualities
Image with src "/products/PF210.png" is using quality "85" which is not configured in images.qualities [75]. Please update your config to [75, 85].
Read more: https://nextjs.org/docs/messages/next-image-unconfigured-qualities
Image with src "/products/PF220.png" is using quality "85" which is not configured in images.qualities [75]. Please update your config to [75, 85].
Read more: https://nextjs.org/docs/messages/next-image-unconfigured-qualities
Image with src "/products/PF230.png" is using quality "85" which is not configured in images.qualities [75]. Please update your config to [75, 85].
Read more: https://nextjs.org/docs/messages/next-image-unconfigured-qualities
Image with src "/products/PF240.png" is using quality "85" which is not configured in images.qualities [75]. Please update your config to [75, 85].
Read more: https://nextjs.org/docs/messages/next-image-unconfigured-qualities
Image with src "/products/PF250.png" is using quality "85" which is not configured in images.qualities [75]. Please update your config to [75, 85].
Read more: https://nextjs.org/docs/messages/next-image-unconfigured-qualities
Image with src "/products/PF260.png" is using quality "85" which is not configured in images.qualities [75]. Please update your config to [75, 85].
Read more: https://nextjs.org/docs/messages/next-image-unconfigured-qualities
Image with src "/products/PF270.png" is using quality "85" which is not configured in images.qualities [75]. Please update your config to [75, 85].
Read more: https://nextjs.org/docs/messages/next-image-unconfigured-qualities
Image with src "/products/PF280.png" is using quality "85" which is not configured in images.qualities [75]. Please update your config to [75, 85].
Read more: https://nextjs.org/docs/messages/next-image-unconfigured-qualities
Image with src "/products/PF290.png" is using quality "85" which is not configured in images.qualities [75]. Please update your config to [75, 85].
Read more: https://nextjs.org/docs/messages/next-image-unconfigured-qualities
Image with src "/products/PF300.png" is using quality "85" which is not configured in images.qualities [75]. Please update your config to [75, 85].
Read more: https://nextjs.org/docs/messages/next-image-unconfigured-qualities
Image with src "/products/PF310.png" is using quality "85" which is not configured in images.qualities [75]. Please update your config to [75, 85].
Read more: https://nextjs.org/docs/messages/next-image-unconfigured-qualities
Image with src "/products/PF320.png" is using quality "85" which is not configured in images.qualities [75]. Please update your config to [75, 85].
Read more: https://nextjs.org/docs/messages/next-image-unconfigured-qualities
Image with src "/products/PF330.png" is using quality "85" which is not configured in images.qualities [75]. Please update your config to [75, 85].
Read more: https://nextjs.org/docs/messages/next-image-unconfigured-qualities
Image with src "/products/PF340.png" is using quality "85" which is not configured in images.qualities [75]. Please update your config to [75, 85].
Read more: https://nextjs.org/docs/messages/next-image-unconfigured-qualities
Image with src "/products/PF350.png" is using quality "85" which is not configured in images.qualities [75]. Please update your config to [75, 85].
Read more: https://nextjs.org/docs/messages/next-image-unconfigured-qualities
Image with src "/products/PF360.png" is using quality "85" which is not configured in images.qualities [75]. Please update your config to [75, 85].
Read more: https://nextjs.org/docs/messages/next-image-unconfigured-qualities
Image with src "/products/PF370.png" is using quality "85" which is not configured in images.qualities [75]. Please update your config to [75, 85].
Read more: https://nextjs.org/docs/messages/next-image-unconfigured-qualities
Image with src "/products/PF380.png" is using quality "85" which is not configured in images.qualities [75]. Please update your config to [75, 85].
Read more: https://nextjs.org/docs/messages/next-image-unconfigured-qualities
Image with src "/products/PF390.png" is using quality "85" which is not configured in images.qualities [75]. Please update your config to [75, 85].
Read more: https://nextjs.org/docs/messages/next-image-unconfigured-qualities
Image with src "/products/PF420.png" is using quality "85" which is not configured in images.qualities [75]. Please update your config to [75, 85].
Read more: https://nextjs.org/docs/messages/next-image-unconfigured-qualities
Image with src "/products/PF010.png" is using quality "80" which is not configured in images.qualities [75]. Please update your config to [75, 80].
Read more: https://nextjs.org/docs/messages/next-image-unconfigured-qualities
Image with src "/products/PF370.png" is using quality "80" which is not configured in images.qualities [75]. Please update your config to [75, 80].
Read more: https://nextjs.org/docs/messages/next-image-unconfigured-qualities
Image with src "/products/PF420.png" is using quality "80" which is not configured in images.qualities [75]. Please update your config to [75, 80].
Read more: https://nextjs.org/docs/messages/next-image-unconfigured-qualities
Image with src "/products/PF110.png" is using quality "80" which is not configured in images.qualities [75]. Please update your config to [75, 80].
Read more: https://nextjs.org/docs/messages/next-image-unconfigured-qualities
Image with src "/products/PF090.png" is using quality "80" which is not configured in images.qualities [75]. Please update your config to [75, 80].
Read more: https://nextjs.org/docs/messages/next-image-unconfigured-qualities
Image with src "/products/PF270.png" is using quality "80" which is not configured in images.qualities [75]. Please update your config to [75, 80].
Read more: https://nextjs.org/docs/messages/next-image-unconfigured-qualities
Image with src "/products/PF380.png" is using quality "80" which is not configured in images.qualities [75]. Please update your config to [75, 80].
Read more: https://nextjs.org/docs/messages/next-image-unconfigured-qualities
Image with src "/products/PF210.png" is using quality "80" which is not configured in images.qualities [75]. Please update your config to [75, 80].
Read more: https://nextjs.org/docs/messages/next-image-unconfigured-qualities
Image with src "/products/PF170.png" is using quality "80" which is not configured in images.qualities [75]. Please update your config to [75, 80].
Read more: https://nextjs.org/docs/messages/next-image-unconfigured-qualities
Image with src "/products/PF050.png" is using quality "80" which is not configured in images.qualities [75]. Please update your config to [75, 80].
Read more: https://nextjs.org/docs/messages/next-image-unconfigured-qualities
Image with src "/products/PF120.png" is using quality "80" which is not configured in images.qualities [75]. Please update your config to [75, 80].
Read more: https://nextjs.org/docs/messages/next-image-unconfigured-qualities
Image with src "/products/PF040.png" is using quality "80" which is not configured in images.qualities [75]. Please update your config to [75, 80].
Read more: https://nextjs.org/docs/messages/next-image-unconfigured-qualities
Image with src "/products/PF260.png" is using quality "80" which is not configured in images.qualities [75]. Please update your config to [75, 80].
Read more: https://nextjs.org/docs/messages/next-image-unconfigured-qualities
Image with src "/products/PF160.png" is using quality "80" which is not configured in images.qualities [75]. Please update your config to [75, 80].
Read more: https://nextjs.org/docs/messages/next-image-unconfigured-qualities
Image with src "/products/PF140.png" is using quality "80" which is not configured in images.qualities [75]. Please update your config to [75, 80].
Read more: https://nextjs.org/docs/messages/next-image-unconfigured-qualities
Image with src "/products/PF320.png" is using quality "80" which is not configured in images.qualities [75]. Please update your config to [75, 80].
Read more: https://nextjs.org/docs/messages/next-image-unconfigured-qualities
Image with src "/products/PF020.png" is using quality "85" which is not configured in images.qualities [75]. Please update your config to [75, 85].
Read more: https://nextjs.org/docs/messages/next-image-unconfigured-qualities
Image with src "/products/PF040.png" is using quality "85" which is not configured in images.qualities [75]. Please update your config to [75, 85].
Read more: https://nextjs.org/docs/messages/next-image-unconfigured-qualities
Image with src "/products/PF030.png" is using quality "85" which is not configured in images.qualities [75]. Please update your config to [75, 85].
Read more: https://nextjs.org/docs/messages/next-image-unconfigured-qualities
Image with src "/products/PF080.png" is using quality "85" which is not configured in images.qualities [75]. Please update your config to [75, 85].
Read more: https://nextjs.org/docs/messages/next-image-unconfigured-qualities
Image with src "/products/PF170.png" is using quality "85" which is not configured in images.qualities [75]. Please update your config to [75, 85].
Read more: https://nextjs.org/docs/messages/next-image-unconfigured-qualities
Image with src "/products/PF010.png" is using quality "85" which is not configured in images.qualities [75]. Please update your config to [75, 85].
Read more: https://nextjs.org/docs/messages/next-image-unconfigured-qualities
Image with src "/products/PF050.png" is using quality "85" which is not configured in images.qualities [75]. Please update your config to [75, 85].
Read more: https://nextjs.org/docs/messages/next-image-unconfigured-qualities
Image with src "/products/PF060.png" is using quality "85" which is not configured in images.qualities [75]. Please update your config to [75, 85].
Read more: https://nextjs.org/docs/messages/next-image-unconfigured-qualities
Image with src "/products/PF070.png" is using quality "85" which is not configured in images.qualities [75]. Please update your config to [75, 85].
Read more: https://nextjs.org/docs/messages/next-image-unconfigured-qualities
Image with src "/products/PF090.png" is using quality "85" which is not configured in images.qualities [75]. Please update your config to [75, 85].
Read more: https://nextjs.org/docs/messages/next-image-unconfigured-qualities
Image with src "/products/PF100.png" is using quality "85" which is not configured in images.qualities [75]. Please update your config to [75, 85].
Read more: https://nextjs.org/docs/messages/next-image-unconfigured-qualities
Image with src "/products/PF110.png" is using quality "85" which is not configured in images.qualities [75]. Please update your config to [75, 85].
Read more: https://nextjs.org/docs/messages/next-image-unconfigured-qualities
Image with src "/products/PF120.png" is using quality "85" which is not configured in images.qualities [75]. Please update your config to [75, 85].
Read more: https://nextjs.org/docs/messages/next-image-unconfigured-qualities
Image with src "/products/PF130.png" is using quality "85" which is not configured in images.qualities [75]. Please update your config to [75, 85].
Read more: https://nextjs.org/docs/messages/next-image-unconfigured-qualities
Image with src "/products/PF140.png" is using quality "85" which is not configured in images.qualities [75]. Please update your config to [75, 85].
Read more: https://nextjs.org/docs/messages/next-image-unconfigured-qualities
Image with src "/products/PF150.png" is using quality "85" which is not configured in images.qualities [75]. Please update your config to [75, 85].
Read more: https://nextjs.org/docs/messages/next-image-unconfigured-qualities
Image with src "/products/PF160.png" is using quality "85" which is not configured in images.qualities [75]. Please update your config to [75, 85].
Read more: https://nextjs.org/docs/messages/next-image-unconfigured-qualities
Image with src "/products/PF180.png" is using quality "85" which is not configured in images.qualities [75]. Please update your config to [75, 85].
Read more: https://nextjs.org/docs/messages/next-image-unconfigured-qualities
Image with src "/products/PF190.png" is using quality "85" which is not configured in images.qualities [75]. Please update your config to [75, 85].
Read more: https://nextjs.org/docs/messages/next-image-unconfigured-qualities
Image with src "/products/PF200.png" is using quality "85" which is not configured in images.qualities [75]. Please update your config to [75, 85].
Read more: https://nextjs.org/docs/messages/next-image-unconfigured-qualities
Image with src "/products/PF210.png" is using quality "85" which is not configured in images.qualities [75]. Please update your config to [75, 85].
Read more: https://nextjs.org/docs/messages/next-image-unconfigured-qualities
Image with src "/products/PF220.png" is using quality "85" which is not configured in images.qualities [75]. Please update your config to [75, 85].
Read more: https://nextjs.org/docs/messages/next-image-unconfigured-qualities
Image with src "/products/PF230.png" is using quality "85" which is not configured in images.qualities [75]. Please update your config to [75, 85].
Read more: https://nextjs.org/docs/messages/next-image-unconfigured-qualities
Image with src "/products/PF240.png" is using quality "85" which is not configured in images.qualities [75]. Please update your config to [75, 85].
Read more: https://nextjs.org/docs/messages/next-image-unconfigured-qualities
Image with src "/products/PF250.png" is using quality "85" which is not configured in images.qualities [75]. Please update your config to [75, 85].
Read more: https://nextjs.org/docs/messages/next-image-unconfigured-qualities
Image with src "/products/PF260.png" is using quality "85" which is not configured in images.qualities [75]. Please update your config to [75, 85].
Read more: https://nextjs.org/docs/messages/next-image-unconfigured-qualities
Image with src "/products/PF270.png" is using quality "85" which is not configured in images.qualities [75]. Please update your config to [75, 85].
Read more: https://nextjs.org/docs/messages/next-image-unconfigured-qualities
Image with src "/products/PF280.png" is using quality "85" which is not configured in images.qualities [75]. Please update your config to [75, 85].
Read more: https://nextjs.org/docs/messages/next-image-unconfigured-qualities
Image with src "/products/PF290.png" is using quality "85" which is not configured in images.qualities [75]. Please update your config to [75, 85].
Read more: https://nextjs.org/docs/messages/next-image-unconfigured-qualities
Image with src "/products/PF300.png" is using quality "85" which is not configured in images.qualities [75]. Please update your config to [75, 85].
Read more: https://nextjs.org/docs/messages/next-image-unconfigured-qualities
Image with src "/products/PF310.png" is using quality "85" which is not configured in images.qualities [75]. Please update your config to [75, 85].
Read more: https://nextjs.org/docs/messages/next-image-unconfigured-qualities
Image with src "/products/PF320.png" is using quality "85" which is not configured in images.qualities [75]. Please update your config to [75, 85].
Read more: https://nextjs.org/docs/messages/next-image-unconfigured-qualities
Image with src "/products/PF330.png" is using quality "85" which is not configured in images.qualities [75]. Please update your config to [75, 85].
Read more: https://nextjs.org/docs/messages/next-image-unconfigured-qualities
Image with src "/products/PF340.png" is using quality "85" which is not configured in images.qualities [75]. Please update your config to [75, 85].
Read more: https://nextjs.org/docs/messages/next-image-unconfigured-qualities
Image with src "/products/PF350.png" is using quality "85" which is not configured in images.qualities [75]. Please update your config to [75, 85].
Read more: https://nextjs.org/docs/messages/next-image-unconfigured-qualities
Image with src "/products/PF360.png" is using quality "85" which is not configured in images.qualities [75]. Please update your config to [75, 85].
Read more: https://nextjs.org/docs/messages/next-image-unconfigured-qualities
Image with src "/products/PF370.png" is using quality "85" which is not configured in images.qualities [75]. Please update your config to [75, 85].
Read more: https://nextjs.org/docs/messages/next-image-unconfigured-qualities
Image with src "/products/PF380.png" is using quality "85" which is not configured in images.qualities [75]. Please update your config to [75, 85].
Read more: https://nextjs.org/docs/messages/next-image-unconfigured-qualities
Image with src "/products/PF390.png" is using quality "85" which is not configured in images.qualities [75]. Please update your config to [75, 85].
Read more: https://nextjs.org/docs/messages/next-image-unconfigured-qualities
Image with src "/products/PF420.png" is using quality "85" which is not configured in images.qualities [75]. Please update your config to [75, 85].
Read more: https://nextjs.org/docs/messages/next-image-unconfigured-qualities
[browser] Image with src "/products/PF090.png" is using quality "80" which is not configured in images.qualities [75]. Please update your config to [75, 80].
Read more: https://nextjs.org/docs/messages/next-image-unconfigured-qualities (file://E:/Ai/Parfumesdefoda/.next/dev/static/chunks/node_modules_next_dist_1ybzpk2._.js:2477:13)
[browser] Image with src "/products/PF270.png" is using quality "80" which is not configured in images.qualities [75]. Please update your config to [75, 80].
Read more: https://nextjs.org/docs/messages/next-image-unconfigured-qualities (file://E:/Ai/Parfumesdefoda/.next/dev/static/chunks/node_modules_next_dist_1ybzpk2._.js:2477:13)
[browser] Image with src "/products/PF380.png" is using quality "80" which is not configured in images.qualities [75]. Please update your config to [75, 80].
Read more: https://nextjs.org/docs/messages/next-image-unconfigured-qualities (file://E:/Ai/Parfumesdefoda/.next/dev/static/chunks/node_modules_next_dist_1ybzpk2._.js:2477:13)
[browser] Image with src "/products/PF210.png" is using quality "80" which is not configured in images.qualities [75]. Please update your config to [75, 80].
Read more: https://nextjs.org/docs/messages/next-image-unconfigured-qualities (file://E:/Ai/Parfumesdefoda/.next/dev/static/chunks/node_modules_next_dist_1ybzpk2._.js:2477:13)
[browser] Image with src "/products/PF170.png" is using quality "80" which is not configured in images.qualities [75]. Please update your config to [75, 80].
Read more: https://nextjs.org/docs/messages/next-image-unconfigured-qualities (file://E:/Ai/Parfumesdefoda/.next/dev/static/chunks/node_modules_next_dist_1ybzpk2._.js:2477:13)
[browser] Image with src "/products/PF050.png" is using quality "80" which is not configured in images.qualities [75]. Please update your config to [75, 80].
Read more: https://nextjs.org/docs/messages/next-image-unconfigured-qualities (file://E:/Ai/Parfumesdefoda/.next/dev/static/chunks/node_modules_next_dist_1ybzpk2._.js:2477:13)
[browser] Image with src "/products/PF120.png" is using quality "80" which is not configured in images.qualities [75]. Please update your config to [75, 80].
Read more: https://nextjs.org/docs/messages/next-image-unconfigured-qualities (file://E:/Ai/Parfumesdefoda/.next/dev/static/chunks/node_modules_next_dist_1ybzpk2._.js:2477:13)
[browser] Image with src "/products/PF040.png" is using quality "80" which is not configured in images.qualities [75]. Please update your config to [75, 80].
Read more: https://nextjs.org/docs/messages/next-image-unconfigured-qualities (file://E:/Ai/Parfumesdefoda/.next/dev/static/chunks/node_modules_next_dist_1ybzpk2._.js:2477:13)
[browser] Image with src "/products/PF260.png" is using quality "80" which is not configured in images.qualities [75]. Please update your config to [75, 80].
Read more: https://nextjs.org/docs/messages/next-image-unconfigured-qualities (file://E:/Ai/Parfumesdefoda/.next/dev/static/chunks/node_modules_next_dist_1ybzpk2._.js:2477:13)
[browser] Image with src "/products/PF160.png" is using quality "80" which is not configured in images.qualities [75]. Please update your config to [75, 80].
Read more: https://nextjs.org/docs/messages/next-image-unconfigured-qualities (file://E:/Ai/Parfumesdefoda/.next/dev/static/chunks/node_modules_next_dist_1ybzpk2._.js:2477:13)
[browser] Image with src "/products/PF140.png" is using quality "80" which is not configured in images.qualities [75]. Please update your config to [75, 80].
Read more: https://nextjs.org/docs/messages/next-image-unconfigured-qualities (file://E:/Ai/Parfumesdefoda/.next/dev/static/chunks/node_modules_next_dist_1ybzpk2._.js:2477:13)
[browser] Image with src "/products/PF320.png" is using quality "80" which is not configured in images.qualities [75]. Please update your config to [75, 80].
Read more: https://nextjs.org/docs/messages/next-image-unconfigured-qualities (file://E:/Ai/Parfumesdefoda/.next/dev/static/chunks/node_modules_next_dist_1ybzpk2._.js:2477:13)
[browser] Image with src "/products/PF020.png" is using quality "85" which is not configured in images.qualities [75]. Please update your config to [75, 85].
Read more: https://nextjs.org/docs/messages/next-image-unconfigured-qualities (file://E:/Ai/Parfumesdefoda/.next/dev/static/chunks/node_modules_next_dist_1ybzpk2._.js:2477:13)
[browser] Image with src "/products/PF040.png" is using quality "85" which is not configured in images.qualities [75]. Please update your config to [75, 85].
Read more: https://nextjs.org/docs/messages/next-image-unconfigured-qualities (file://E:/Ai/Parfumesdefoda/.next/dev/static/chunks/node_modules_next_dist_1ybzpk2._.js:2477:13)
[browser] Image with src "/products/PF030.png" is using quality "85" which is not configured in images.qualities [75]. Please update your config to [75, 85].
Read more: https://nextjs.org/docs/messages/next-image-unconfigured-qualities (file://E:/Ai/Parfumesdefoda/.next/dev/static/chunks/node_modules_next_dist_1ybzpk2._.js:2477:13)
[browser] Image with src "/products/PF080.png" is using quality "85" which is not configured in images.qualities [75]. Please update your config to [75, 85].
Read more: https://nextjs.org/docs/messages/next-image-unconfigured-qualities (file://E:/Ai/Parfumesdefoda/.next/dev/static/chunks/node_modules_next_dist_1ybzpk2._.js:2477:13)
[browser] Image with src "/products/PF170.png" is using quality "85" which is not configured in images.qualities [75]. Please update your config to [75, 85].
Read more: https://nextjs.org/docs/messages/next-image-unconfigured-qualities (file://E:/Ai/Parfumesdefoda/.next/dev/static/chunks/node_modules_next_dist_1ybzpk2._.js:2477:13)
[browser] Image with src "/products/PF010.png" is using quality "85" which is not configured in images.qualities [75]. Please update your config to [75, 85].
Read more: https://nextjs.org/docs/messages/next-image-unconfigured-qualities (file://E:/Ai/Parfumesdefoda/.next/dev/static/chunks/node_modules_next_dist_1ybzpk2._.js:2477:13)
[browser] Image with src "/products/PF050.png" is using quality "85" which is not configured in images.qualities [75]. Please update your config to [75, 85].
Read more: https://nextjs.org/docs/messages/next-image-unconfigured-qualities (file://E:/Ai/Parfumesdefoda/.next/dev/static/chunks/node_modules_next_dist_1ybzpk2._.js:2477:13)
[browser] Image with src "/products/PF060.png" is using quality "85" which is not configured in images.qualities [75]. Please update your config to [75, 85].
Read more: https://nextjs.org/docs/messages/next-image-unconfigured-qualities (file://E:/Ai/Parfumesdefoda/.next/dev/static/chunks/node_modules_next_dist_1ybzpk2._.js:2477:13)
[browser] Image with src "/products/PF070.png" is using quality "85" which is not configured in images.qualities [75]. Please update your config to [75, 85].
Read more: https://nextjs.org/docs/messages/next-image-unconfigured-qualities (file://E:/Ai/Parfumesdefoda/.next/dev/static/chunks/node_modules_next_dist_1ybzpk2._.js:2477:13)
[browser] Image with src "/products/PF090.png" is using quality "85" which is not configured in images.qualities [75]. Please update your config to [75, 85].
Read more: https://nextjs.org/docs/messages/next-image-unconfigured-qualities (file://E:/Ai/Parfumesdefoda/.next/dev/static/chunks/node_modules_next_dist_1ybzpk2._.js:2477:13)
[browser] Image with src "/products/PF100.png" is using quality "85" which is not configured in images.qualities [75]. Please update your config to [75, 85].
Read more: https://nextjs.org/docs/messages/next-image-unconfigured-qualities (file://E:/Ai/Parfumesdefoda/.next/dev/static/chunks/node_modules_next_dist_1ybzpk2._.js:2477:13)
[browser] Image with src "/products/PF110.png" is using quality "85" which is not configured in images.qualities [75]. Please update your config to [75, 85].
Read more: https://nextjs.org/docs/messages/next-image-unconfigured-qualities (file://E:/Ai/Parfumesdefoda/.next/dev/static/chunks/node_modules_next_dist_1ybzpk2._.js:2477:13)
[browser] Image with src "/products/PF120.png" is using quality "85" which is not configured in images.qualities [75]. Please update your config to [75, 85].
Read more: https://nextjs.org/docs/messages/next-image-unconfigured-qualities (file://E:/Ai/Parfumesdefoda/.next/dev/static/chunks/node_modules_next_dist_1ybzpk2._.js:2477:13)
[browser] Image with src "/products/PF130.png" is using quality "85" which is not configured in images.qualities [75]. Please update your config to [75, 85].
Read more: https://nextjs.org/docs/messages/next-image-unconfigured-qualities (file://E:/Ai/Parfumesdefoda/.next/dev/static/chunks/node_modules_next_dist_1ybzpk2._.js:2477:13)
[browser] Image with src "/products/PF140.png" is using quality "85" which is not configured in images.qualities [75]. Please update your config to [75, 85].
Read more: https://nextjs.org/docs/messages/next-image-unconfigured-qualities (file://E:/Ai/Parfumesdefoda/.next/dev/static/chunks/node_modules_next_dist_1ybzpk2._.js:2477:13)
[browser] Image with src "/products/PF150.png" is using quality "85" which is not configured in images.qualities [75]. Please update your config to [75, 85].
Read more: https://nextjs.org/docs/messages/next-image-unconfigured-qualities (file://E:/Ai/Parfumesdefoda/.next/dev/static/chunks/node_modules_next_dist_1ybzpk2._.js:2477:13)
[browser] Image with src "/products/PF160.png" is using quality "85" which is not configured in images.qualities [75]. Please update your config to [75, 85].
Read more: https://nextjs.org/docs/messages/next-image-unconfigured-qualities (file://E:/Ai/Parfumesdefoda/.next/dev/static/chunks/node_modules_next_dist_1ybzpk2._.js:2477:13)
[browser] Image with src "/products/PF180.png" is using quality "85" which is not configured in images.qualities [75]. Please update your config to [75, 85].
Read more: https://nextjs.org/docs/messages/next-image-unconfigured-qualities (file://E:/Ai/Parfumesdefoda/.next/dev/static/chunks/node_modules_next_dist_1ybzpk2._.js:2477:13)
[browser] Image with src "/products/PF190.png" is using quality "85" which is not configured in images.qualities [75]. Please update your config to [75, 85].
Read more: https://nextjs.org/docs/messages/next-image-unconfigured-qualities (file://E:/Ai/Parfumesdefoda/.next/dev/static/chunks/node_modules_next_dist_1ybzpk2._.js:2477:13)
[browser] Image with src "/products/PF200.png" is using quality "85" which is not configured in images.qualities [75]. Please update your config to [75, 85].
Read more: https://nextjs.org/docs/messages/next-image-unconfigured-qualities (file://E:/Ai/Parfumesdefoda/.next/dev/static/chunks/node_modules_next_dist_1ybzpk2._.js:2477:13)
[browser] Image with src "/products/PF210.png" is using quality "85" which is not configured in images.qualities [75]. Please update your config to [75, 85].
Read more: https://nextjs.org/docs/messages/next-image-unconfigured-qualities (file://E:/Ai/Parfumesdefoda/.next/dev/static/chunks/node_modules_next_dist_1ybzpk2._.js:2477:13)
[browser] Image with src "/products/PF220.png" is using quality "85" which is not configured in images.qualities [75]. Please update your config to [75, 85].
Read more: https://nextjs.org/docs/messages/next-image-unconfigured-qualities (file://E:/Ai/Parfumesdefoda/.next/dev/static/chunks/node_modules_next_dist_1ybzpk2._.js:2477:13)
[browser] Image with src "/products/PF230.png" is using quality "85" which is not configured in images.qualities [75]. Please update your config to [75, 85].
Read more: https://nextjs.org/docs/messages/next-image-unconfigured-qualities (file://E:/Ai/Parfumesdefoda/.next/dev/static/chunks/node_modules_next_dist_1ybzpk2._.js:2477:13)
[browser] Image with src "/products/PF240.png" is using quality "85" which is not configured in images.qualities [75]. Please update your config to [75, 85].
Read more: https://nextjs.org/docs/messages/next-image-unconfigured-qualities (file://E:/Ai/Parfumesdefoda/.next/dev/static/chunks/node_modules_next_dist_1ybzpk2._.js:2477:13)
[browser] Image with src "/products/PF250.png" is using quality "85" which is not configured in images.qualities [75]. Please update your config to [75, 85].
Read more: https://nextjs.org/docs/messages/next-image-unconfigured-qualities (file://E:/Ai/Parfumesdefoda/.next/dev/static/chunks/node_modules_next_dist_1ybzpk2._.js:2477:13)
[browser] Image with src "/products/PF260.png" is using quality "85" which is not configured in images.qualities [75]. Please update your config to [75, 85].
Read more: https://nextjs.org/docs/messages/next-image-unconfigured-qualities (file://E:/Ai/Parfumesdefoda/.next/dev/static/chunks/node_modules_next_dist_1ybzpk2._.js:2477:13)
[browser] Image with src "/products/PF270.png" is using quality "85" which is not configured in images.qualities [75]. Please update your config to [75, 85].
Read more: https://nextjs.org/docs/messages/next-image-unconfigured-qualities (file://E:/Ai/Parfumesdefoda/.next/dev/static/chunks/node_modules_next_dist_1ybzpk2._.js:2477:13)
[browser] Image with src "/products/PF280.png" is using quality "85" which is not configured in images.qualities [75]. Please update your config to [75, 85].
Read more: https://nextjs.org/docs/messages/next-image-unconfigured-qualities (file://E:/Ai/Parfumesdefoda/.next/dev/static/chunks/node_modules_next_dist_1ybzpk2._.js:2477:13)
[browser] Image with src "/products/PF290.png" is using quality "85" which is not configured in images.qualities [75]. Please update your config to [75, 85].
Read more: https://nextjs.org/docs/messages/next-image-unconfigured-qualities (file://E:/Ai/Parfumesdefoda/.next/dev/static/chunks/node_modules_next_dist_1ybzpk2._.js:2477:13)
[browser] Image with src "/products/PF300.png" is using quality "85" which is not configured in images.qualities [75]. Please update your config to [75, 85].
Read more: https://nextjs.org/docs/messages/next-image-unconfigured-qualities (file://E:/Ai/Parfumesdefoda/.next/dev/static/chunks/node_modules_next_dist_1ybzpk2._.js:2477:13)
[browser] Image with src "/products/PF310.png" is using quality "85" which is not configured in images.qualities [75]. Please update your config to [75, 85].
Read more: https://nextjs.org/docs/messages/next-image-unconfigured-qualities (file://E:/Ai/Parfumesdefoda/.next/dev/static/chunks/node_modules_next_dist_1ybzpk2._.js:2477:13)
[browser] Image with src "/products/PF320.png" is using quality "85" which is not configured in images.qualities [75]. Please update your config to [75, 85].
Read more: https://nextjs.org/docs/messages/next-image-unconfigured-qualities (file://E:/Ai/Parfumesdefoda/.next/dev/static/chunks/node_modules_next_dist_1ybzpk2._.js:2477:13)
[browser] Image with src "/products/PF330.png" is using quality "85" which is not configured in images.qualities [75]. Please update your config to [75, 85].
Read more: https://nextjs.org/docs/messages/next-image-unconfigured-qualities (file://E:/Ai/Parfumesdefoda/.next/dev/static/chunks/node_modules_next_dist_1ybzpk2._.js:2477:13)
[browser] Image with src "/products/PF340.png" is using quality "85" which is not configured in images.qualities [75]. Please update your config to [75, 85].
Read more: https://nextjs.org/docs/messages/next-image-unconfigured-qualities (file://E:/Ai/Parfumesdefoda/.next/dev/static/chunks/node_modules_next_dist_1ybzpk2._.js:2477:13)
[browser] Image with src "/products/PF350.png" is using quality "85" which is not configured in images.qualities [75]. Please update your config to [75, 85].
Read more: https://nextjs.org/docs/messages/next-image-unconfigured-qualities (file://E:/Ai/Parfumesdefoda/.next/dev/static/chunks/node_modules_next_dist_1ybzpk2._.js:2477:13)
[browser] Image with src "/products/PF360.png" is using quality "85" which is not configured in images.qualities [75]. Please update your config to [75, 85].
Read more: https://nextjs.org/docs/messages/next-image-unconfigured-qualities (file://E:/Ai/Parfumesdefoda/.next/dev/static/chunks/node_modules_next_dist_1ybzpk2._.js:2477:13)
[browser] Image with src "/products/PF370.png" is using quality "85" which is not configured in images.qualities [75]. Please update your config to [75, 85].
Read more: https://nextjs.org/docs/messages/next-image-unconfigured-qualities (file://E:/Ai/Parfumesdefoda/.next/dev/static/chunks/node_modules_next_dist_1ybzpk2._.js:2477:13)
[browser] Image with src "/products/PF380.png" is using quality "85" which is not configured in images.qualities [75]. Please update your config to [75, 85].
Read more: https://nextjs.org/docs/messages/next-image-unconfigured-qualities (file://E:/Ai/Parfumesdefoda/.next/dev/static/chunks/node_modules_next_dist_1ybzpk2._.js:2477:13)
[browser] Image with src "/products/PF390.png" is using quality "85" which is not configured in images.qualities [75]. Please update your config to [75, 85].
Read more: https://nextjs.org/docs/messages/next-image-unconfigured-qualities (file://E:/Ai/Parfumesdefoda/.next/dev/static/chunks/node_modules_next_dist_1ybzpk2._.js:2477:13)
[browser] Image with src "/products/PF420.png" is using quality "85" which is not configured in images.qualities [75]. Please update your config to [75, 85].
Read more: https://nextjs.org/docs/messages/next-image-unconfigured-qualities (file://E:/Ai/Parfumesdefoda/.next/dev/static/chunks/node_modules_next_dist_1ybzpk2._.js:2477:13)
Image with src "/products/PF010.png" is using quality "80" which is not configured in images.qualities [75]. Please update your config to [75, 80].
Read more: https://nextjs.org/docs/messages/next-image-unconfigured-qualities
Image with src "/products/PF190.png" is using quality "80" which is not configured in images.qualities [75]. Please update your config to [75, 80].
Read more: https://nextjs.org/docs/messages/next-image-unconfigured-qualities
Image with src "/products/PF020.png" is using quality "80" which is not configured in images.qualities [75]. Please update your config to [75, 80].
Read more: https://nextjs.org/docs/messages/next-image-unconfigured-qualities
Image with src "/products/PF200.png" is using quality "80" which is not configured in images.qualities [75]. Please update your config to [75, 80].
Read more: https://nextjs.org/docs/messages/next-image-unconfigured-qualities
[browser] Image with src "/products/PF270.png" is using quality "80" which is not configured in images.qualities [75]. Please update your config to [75, 80].
Read more: https://nextjs.org/docs/messages/next-image-unconfigured-qualities (file://E:/Ai/Parfumesdefoda/.next/dev/static/chunks/node_modules_next_dist_1ybzpk2._.js:2477:13)
[browser] Image with src "/products/PF040.png" is using quality "80" which is not configured in images.qualities [75]. Please update your config to [75, 80].
Read more: https://nextjs.org/docs/messages/next-image-unconfigured-qualities (file://E:/Ai/Parfumesdefoda/.next/dev/static/chunks/node_modules_next_dist_1ybzpk2._.js:2477:13)
[browser] Image with src "/products/PF050.png" is using quality "80" which is not configured in images.qualities [75]. Please update your config to [75, 80].
Read more: https://nextjs.org/docs/messages/next-image-unconfigured-qualities (file://E:/Ai/Parfumesdefoda/.next/dev/static/chunks/node_modules_next_dist_1ybzpk2._.js:2477:13)
[browser] Image with src "/products/PF380.png" is using quality "80" which is not configured in images.qualities [75]. Please update your config to [75, 80].
Read more: https://nextjs.org/docs/messages/next-image-unconfigured-qualities (file://E:/Ai/Parfumesdefoda/.next/dev/static/chunks/node_modules_next_dist_1ybzpk2._.js:2477:13)
[browser] Image with src "/products/PF210.png" is using quality "80" which is not configured in images.qualities [75]. Please update your config to [75, 80].
Read more: https://nextjs.org/docs/messages/next-image-unconfigured-qualities (file://E:/Ai/Parfumesdefoda/.next/dev/static/chunks/node_modules_next_dist_1ybzpk2._.js:2477:13)
[browser] Image with src "/products/PF090.png" is using quality "80" which is not configured in images.qualities [75]. Please update your config to [75, 80].
Read more: https://nextjs.org/docs/messages/next-image-unconfigured-qualities (file://E:/Ai/Parfumesdefoda/.next/dev/static/chunks/node_modules_next_dist_1ybzpk2._.js:2477:13)
[browser] Image with src "/products/PF120.png" is using quality "80" which is not configured in images.qualities [75]. Please update your config to [75, 80].
Read more: https://nextjs.org/docs/messages/next-image-unconfigured-qualities (file://E:/Ai/Parfumesdefoda/.next/dev/static/chunks/node_modules_next_dist_1ybzpk2._.js:2477:13)
[browser] Image with src "/products/PF170.png" is using quality "80" which is not configured in images.qualities [75]. Please update your config to [75, 80].
Read more: https://nextjs.org/docs/messages/next-image-unconfigured-qualities (file://E:/Ai/Parfumesdefoda/.next/dev/static/chunks/node_modules_next_dist_1ybzpk2._.js:2477:13)
[browser] Image with src "/products/PF010.png" is using quality "80" which is not configured in images.qualities [75]. Please update your config to [75, 80].
Read more: https://nextjs.org/docs/messages/next-image-unconfigured-qualities (file://E:/Ai/Parfumesdefoda/.next/dev/static/chunks/node_modules_next_dist_1ybzpk2._.js:2477:13)
[browser] Image with src "/products/PF190.png" is using quality "80" which is not configured in images.qualities [75]. Please update your config to [75, 80].
Read more: https://nextjs.org/docs/messages/next-image-unconfigured-qualities (file://E:/Ai/Parfumesdefoda/.next/dev/static/chunks/node_modules_next_dist_1ybzpk2._.js:2477:13)
[browser] Image with src "/products/PF020.png" is using quality "80" which is not configured in images.qualities [75]. Please update your config to [75, 80].
Read more: https://nextjs.org/docs/messages/next-image-unconfigured-qualities (file://E:/Ai/Parfumesdefoda/.next/dev/static/chunks/node_modules_next_dist_1ybzpk2._.js:2477:13)
[browser] Image with src "/products/PF200.png" is using quality "80" which is not configured in images.qualities [75]. Please update your config to [75, 80].
Read more: https://nextjs.org/docs/messages/next-image-unconfigured-qualities (file://E:/Ai/Parfumesdefoda/.next/dev/static/chunks/node_modules_next_dist_1ybzpk2._.js:2477:13)
[browser] Image with src "/products/PF020.png" is using quality "85" which is not configured in images.qualities [75]. Please update your config to [75, 85].
Read more: https://nextjs.org/docs/messages/next-image-unconfigured-qualities (file://E:/Ai/Parfumesdefoda/.next/dev/static/chunks/node_modules_next_dist_1ybzpk2._.js:2477:13)
[browser] Image with src "/products/PF040.png" is using quality "85" which is not configured in images.qualities [75]. Please update your config to [75, 85].
Read more: https://nextjs.org/docs/messages/next-image-unconfigured-qualities (file://E:/Ai/Parfumesdefoda/.next/dev/static/chunks/node_modules_next_dist_1ybzpk2._.js:2477:13)
[browser] Image with src "/products/PF030.png" is using quality "85" which is not configured in images.qualities [75]. Please update your config to [75, 85].
Read more: https://nextjs.org/docs/messages/next-image-unconfigured-qualities (file://E:/Ai/Parfumesdefoda/.next/dev/static/chunks/node_modules_next_dist_1ybzpk2._.js:2477:13)
[browser] Image with src "/products/PF080.png" is using quality "85" which is not configured in images.qualities [75]. Please update your config to [75, 85].
Read more: https://nextjs.org/docs/messages/next-image-unconfigured-qualities (file://E:/Ai/Parfumesdefoda/.next/dev/static/chunks/node_modules_next_dist_1ybzpk2._.js:2477:13)
[browser] Image with src "/products/PF170.png" is using quality "85" which is not configured in images.qualities [75]. Please update your config to [75, 85].
Read more: https://nextjs.org/docs/messages/next-image-unconfigured-qualities (file://E:/Ai/Parfumesdefoda/.next/dev/static/chunks/node_modules_next_dist_1ybzpk2._.js:2477:13)
[browser] Image with src "/products/PF010.png" is using quality "85" which is not configured in images.qualities [75]. Please update your config to [75, 85].
Read more: https://nextjs.org/docs/messages/next-image-unconfigured-qualities (file://E:/Ai/Parfumesdefoda/.next/dev/static/chunks/node_modules_next_dist_1ybzpk2._.js:2477:13)
[browser] Image with src "/products/PF050.png" is using quality "85" which is not configured in images.qualities [75]. Please update your config to [75, 85].
Read more: https://nextjs.org/docs/messages/next-image-unconfigured-qualities (file://E:/Ai/Parfumesdefoda/.next/dev/static/chunks/node_modules_next_dist_1ybzpk2._.js:2477:13)
[browser] Image with src "/products/PF060.png" is using quality "85" which is not configured in images.qualities [75]. Please update your config to [75, 85].
Read more: https://nextjs.org/docs/messages/next-image-unconfigured-qualities (file://E:/Ai/Parfumesdefoda/.next/dev/static/chunks/node_modules_next_dist_1ybzpk2._.js:2477:13)
[browser] Image with src "/products/PF070.png" is using quality "85" which is not configured in images.qualities [75]. Please update your config to [75, 85].
Read more: https://nextjs.org/docs/messages/next-image-unconfigured-qualities (file://E:/Ai/Parfumesdefoda/.next/dev/static/chunks/node_modules_next_dist_1ybzpk2._.js:2477:13)
[browser] Image with src "/products/PF090.png" is using quality "85" which is not configured in images.qualities [75]. Please update your config to [75, 85].
Read more: https://nextjs.org/docs/messages/next-image-unconfigured-qualities (file://E:/Ai/Parfumesdefoda/.next/dev/static/chunks/node_modules_next_dist_1ybzpk2._.js:2477:13)
[browser] Image with src "/products/PF100.png" is using quality "85" which is not configured in images.qualities [75]. Please update your config to [75, 85].
Read more: https://nextjs.org/docs/messages/next-image-unconfigured-qualities (file://E:/Ai/Parfumesdefoda/.next/dev/static/chunks/node_modules_next_dist_1ybzpk2._.js:2477:13)
[browser] Image with src "/products/PF110.png" is using quality "85" which is not configured in images.qualities [75]. Please update your config to [75, 85].
Read more: https://nextjs.org/docs/messages/next-image-unconfigured-qualities (file://E:/Ai/Parfumesdefoda/.next/dev/static/chunks/node_modules_next_dist_1ybzpk2._.js:2477:13)
[browser] Image with src "/products/PF120.png" is using quality "85" which is not configured in images.qualities [75]. Please update your config to [75, 85].
Read more: https://nextjs.org/docs/messages/next-image-unconfigured-qualities (file://E:/Ai/Parfumesdefoda/.next/dev/static/chunks/node_modules_next_dist_1ybzpk2._.js:2477:13)
[browser] Image with src "/products/PF130.png" is using quality "85" which is not configured in images.qualities [75]. Please update your config to [75, 85].
Read more: https://nextjs.org/docs/messages/next-image-unconfigured-qualities (file://E:/Ai/Parfumesdefoda/.next/dev/static/chunks/node_modules_next_dist_1ybzpk2._.js:2477:13)
[browser] Image with src "/products/PF140.png" is using quality "85" which is not configured in images.qualities [75]. Please update your config to [75, 85].
Read more: https://nextjs.org/docs/messages/next-image-unconfigured-qualities (file://E:/Ai/Parfumesdefoda/.next/dev/static/chunks/node_modules_next_dist_1ybzpk2._.js:2477:13)
[browser] Image with src "/products/PF150.png" is using quality "85" which is not configured in images.qualities [75]. Please update your config to [75, 85].
Read more: https://nextjs.org/docs/messages/next-image-unconfigured-qualities (file://E:/Ai/Parfumesdefoda/.next/dev/static/chunks/node_modules_next_dist_1ybzpk2._.js:2477:13)
[browser] Image with src "/products/PF160.png" is using quality "85" which is not configured in images.qualities [75]. Please update your config to [75, 85].
Read more: https://nextjs.org/docs/messages/next-image-unconfigured-qualities (file://E:/Ai/Parfumesdefoda/.next/dev/static/chunks/node_modules_next_dist_1ybzpk2._.js:2477:13)
[browser] Image with src "/products/PF180.png" is using quality "85" which is not configured in images.qualities [75]. Please update your config to [75, 85].
Read more: https://nextjs.org/docs/messages/next-image-unconfigured-qualities (file://E:/Ai/Parfumesdefoda/.next/dev/static/chunks/node_modules_next_dist_1ybzpk2._.js:2477:13)
[browser] Image with src "/products/PF190.png" is using quality "85" which is not configured in images.qualities [75]. Please update your config to [75, 85].
Read more: https://nextjs.org/docs/messages/next-image-unconfigured-qualities (file://E:/Ai/Parfumesdefoda/.next/dev/static/chunks/node_modules_next_dist_1ybzpk2._.js:2477:13)
[browser] Image with src "/products/PF200.png" is using quality "85" which is not configured in images.qualities [75]. Please update your config to [75, 85].
Read more: https://nextjs.org/docs/messages/next-image-unconfigured-qualities (file://E:/Ai/Parfumesdefoda/.next/dev/static/chunks/node_modules_next_dist_1ybzpk2._.js:2477:13)
[browser] Image with src "/products/PF210.png" is using quality "85" which is not configured in images.qualities [75]. Please update your config to [75, 85].
Read more: https://nextjs.org/docs/messages/next-image-unconfigured-qualities (file://E:/Ai/Parfumesdefoda/.next/dev/static/chunks/node_modules_next_dist_1ybzpk2._.js:2477:13)
[browser] Image with src "/products/PF220.png" is using quality "85" which is not configured in images.qualities [75]. Please update your config to [75, 85].
Read more: https://nextjs.org/docs/messages/next-image-unconfigured-qualities (file://E:/Ai/Parfumesdefoda/.next/dev/static/chunks/node_modules_next_dist_1ybzpk2._.js:2477:13)
[browser] Image with src "/products/PF230.png" is using quality "85" which is not configured in images.qualities [75]. Please update your config to [75, 85].
Read more: https://nextjs.org/docs/messages/next-image-unconfigured-qualities (file://E:/Ai/Parfumesdefoda/.next/dev/static/chunks/node_modules_next_dist_1ybzpk2._.js:2477:13)
[browser] Image with src "/products/PF240.png" is using quality "85" which is not configured in images.qualities [75]. Please update your config to [75, 85].
Read more: https://nextjs.org/docs/messages/next-image-unconfigured-qualities (file://E:/Ai/Parfumesdefoda/.next/dev/static/chunks/node_modules_next_dist_1ybzpk2._.js:2477:13)
[browser] Image with src "/products/PF250.png" is using quality "85" which is not configured in images.qualities [75]. Please update your config to [75, 85].
Read more: https://nextjs.org/docs/messages/next-image-unconfigured-qualities (file://E:/Ai/Parfumesdefoda/.next/dev/static/chunks/node_modules_next_dist_1ybzpk2._.js:2477:13)
[browser] Image with src "/products/PF260.png" is using quality "85" which is not configured in images.qualities [75]. Please update your config to [75, 85].
Read more: https://nextjs.org/docs/messages/next-image-unconfigured-qualities (file://E:/Ai/Parfumesdefoda/.next/dev/static/chunks/node_modules_next_dist_1ybzpk2._.js:2477:13)
[browser] Image with src "/products/PF270.png" is using quality "85" which is not configured in images.qualities [75]. Please update your config to [75, 85].
Read more: https://nextjs.org/docs/messages/next-image-unconfigured-qualities (file://E:/Ai/Parfumesdefoda/.next/dev/static/chunks/node_modules_next_dist_1ybzpk2._.js:2477:13)
[browser] Image with src "/products/PF280.png" is using quality "85" which is not configured in images.qualities [75]. Please update your config to [75, 85].
Read more: https://nextjs.org/docs/messages/next-image-unconfigured-qualities (file://E:/Ai/Parfumesdefoda/.next/dev/static/chunks/node_modules_next_dist_1ybzpk2._.js:2477:13)
[browser] Image with src "/products/PF290.png" is using quality "85" which is not configured in images.qualities [75]. Please update your config to [75, 85].
Read more: https://nextjs.org/docs/messages/next-image-unconfigured-qualities (file://E:/Ai/Parfumesdefoda/.next/dev/static/chunks/node_modules_next_dist_1ybzpk2._.js:2477:13)
[browser] Image with src "/products/PF300.png" is using quality "85" which is not configured in images.qualities [75]. Please update your config to [75, 85].
Read more: https://nextjs.org/docs/messages/next-image-unconfigured-qualities (file://E:/Ai/Parfumesdefoda/.next/dev/static/chunks/node_modules_next_dist_1ybzpk2._.js:2477:13)
[browser] Image with src "/products/PF310.png" is using quality "85" which is not configured in images.qualities [75]. Please update your config to [75, 85].
Read more: https://nextjs.org/docs/messages/next-image-unconfigured-qualities (file://E:/Ai/Parfumesdefoda/.next/dev/static/chunks/node_modules_next_dist_1ybzpk2._.js:2477:13)
[browser] Image with src "/products/PF320.png" is using quality "85" which is not configured in images.qualities [75]. Please update your config to [75, 85].
Read more: https://nextjs.org/docs/messages/next-image-unconfigured-qualities (file://E:/Ai/Parfumesdefoda/.next/dev/static/chunks/node_modules_next_dist_1ybzpk2._.js:2477:13)
[browser] Image with src "/products/PF330.png" is using quality "85" which is not configured in images.qualities [75]. Please update your config to [75, 85].
Read more: https://nextjs.org/docs/messages/next-image-unconfigured-qualities (file://E:/Ai/Parfumesdefoda/.next/dev/static/chunks/node_modules_next_dist_1ybzpk2._.js:2477:13)
[browser] Image with src "/products/PF340.png" is using quality "85" which is not configured in images.qualities [75]. Please update your config to [75, 85].
Read more: https://nextjs.org/docs/messages/next-image-unconfigured-qualities (file://E:/Ai/Parfumesdefoda/.next/dev/static/chunks/node_modules_next_dist_1ybzpk2._.js:2477:13)
[browser] Image with src "/products/PF350.png" is using quality "85" which is not configured in images.qualities [75]. Please update your config to [75, 85].
Read more: https://nextjs.org/docs/messages/next-image-unconfigured-qualities (file://E:/Ai/Parfumesdefoda/.next/dev/static/chunks/node_modules_next_dist_1ybzpk2._.js:2477:13)
[browser] Image with src "/products/PF360.png" is using quality "85" which is not configured in images.qualities [75]. Please update your config to [75, 85].
Read more: https://nextjs.org/docs/messages/next-image-unconfigured-qualities (file://E:/Ai/Parfumesdefoda/.next/dev/static/chunks/node_modules_next_dist_1ybzpk2._.js:2477:13)
[browser] Image with src "/products/PF370.png" is using quality "85" which is not configured in images.qualities [75]. Please update your config to [75, 85].
Read more: https://nextjs.org/docs/messages/next-image-unconfigured-qualities (file://E:/Ai/Parfumesdefoda/.next/dev/static/chunks/node_modules_next_dist_1ybzpk2._.js:2477:13)
[browser] Image with src "/products/PF380.png" is using quality "85" which is not configured in images.qualities [75]. Please update your config to [75, 85].
Read more: https://nextjs.org/docs/messages/next-image-unconfigured-qualities (file://E:/Ai/Parfumesdefoda/.next/dev/static/chunks/node_modules_next_dist_1ybzpk2._.js:2477:13)
[browser] Image with src "/products/PF390.png" is using quality "85" which is not configured in images.qualities [75]. Please update your config to [75, 85].
Read more: https://nextjs.org/docs/messages/next-image-unconfigured-qualities (file://E:/Ai/Parfumesdefoda/.next/dev/static/chunks/node_modules_next_dist_1ybzpk2._.js:2477:13)
[browser] Image with src "/products/PF420.png" is using quality "85" which is not configured in images.qualities [75]. Please update your config to [75, 85].
Read more: https://nextjs.org/docs/messages/next-image-unconfigured-qualities (file://E:/Ai/Parfumesdefoda/.next/dev/static/chunks/node_modules_next_dist_1ybzpk2._.js:2477:13)
[browser] Image with src "/products/PF020.png" was detected as the Largest Contentful Paint (LCP). Please add the `loading="eager"` property if this image is above the fold.
Read more: https://nextjs.org/docs/app/api-reference/components/image#loading (file://E:/Ai/Parfumesdefoda/.next/dev/static/chunks/node_modules_next_dist_1ybzpk2._.js:2477:13)
[browser] Image with src "/products/PF020.png" has "fill" and parent element with invalid "position". Provided "static" should be one of absolute,fixed,relative. (file://E:/Ai/Parfumesdefoda/.next/dev/static/chunks/node_modules_next_dist_1ybzpk2._.js:2477:13)
[browser] Image with src "/products/PF040.png" has "fill" and parent element with invalid "position". Provided "static" should be one of absolute,fixed,relative. (file://E:/Ai/Parfumesdefoda/.next/dev/static/chunks/node_modules_next_dist_1ybzpk2._.js:2477:13)
[browser] Image with src "/products/PF030.png" has "fill" and parent element with invalid "position". Provided "static" should be one of absolute,fixed,relative. (file://E:/Ai/Parfumesdefoda/.next/dev/static/chunks/node_modules_next_dist_1ybzpk2._.js:2477:13)
[browser] Image with src "/products/PF080.png" has "fill" and parent element with invalid "position". Provided "static" should be one of absolute,fixed,relative. (file://E:/Ai/Parfumesdefoda/.next/dev/static/chunks/node_modules_next_dist_1ybzpk2._.js:2477:13)
[browser] Image with src "/products/PF170.png" has "fill" and parent element with invalid "position". Provided "static" should be one of absolute,fixed,relative. (file://E:/Ai/Parfumesdefoda/.next/dev/static/chunks/node_modules_next_dist_1ybzpk2._.js:2477:13)
[browser] Image with src "/products/PF010.png" has "fill" and parent element with invalid "position". Provided "static" should be one of absolute,fixed,relative. (file://E:/Ai/Parfumesdefoda/.next/dev/static/chunks/node_modules_next_dist_1ybzpk2._.js:2477:13)
Image with src "/products/PF290.png" is using quality "80" which is not configured in images.qualities [75]. Please update your config to [75, 80].
Read more: https://nextjs.org/docs/messages/next-image-unconfigured-qualities
Image with src "/products/PF100.png" is using quality "80" which is not configured in images.qualities [75]. Please update your config to [75, 80].
Read more: https://nextjs.org/docs/messages/next-image-unconfigured-qualities
[browser] Image with src "/products/PF050.png" is using quality "80" which is not configured in images.qualities [75]. Please update your config to [75, 80].
Read more: https://nextjs.org/docs/messages/next-image-unconfigured-qualities (file://E:/Ai/Parfumesdefoda/.next/dev/static/chunks/node_modules_next_dist_1ybzpk2._.js:2477:13)
[browser] Image with src "/products/PF170.png" is using quality "80" which is not configured in images.qualities [75]. Please update your config to [75, 80].
Read more: https://nextjs.org/docs/messages/next-image-unconfigured-qualities (file://E:/Ai/Parfumesdefoda/.next/dev/static/chunks/node_modules_next_dist_1ybzpk2._.js:2477:13)
[browser] Image with src "/products/PF120.png" is using quality "80" which is not configured in images.qualities [75]. Please update your config to [75, 80].
Read more: https://nextjs.org/docs/messages/next-image-unconfigured-qualities (file://E:/Ai/Parfumesdefoda/.next/dev/static/chunks/node_modules_next_dist_1ybzpk2._.js:2477:13)
[browser] Image with src "/products/PF090.png" is using quality "80" which is not configured in images.qualities [75]. Please update your config to [75, 80].
Read more: https://nextjs.org/docs/messages/next-image-unconfigured-qualities (file://E:/Ai/Parfumesdefoda/.next/dev/static/chunks/node_modules_next_dist_1ybzpk2._.js:2477:13)
[browser] Image with src "/products/PF040.png" is using quality "80" which is not configured in images.qualities [75]. Please update your config to [75, 80].
Read more: https://nextjs.org/docs/messages/next-image-unconfigured-qualities (file://E:/Ai/Parfumesdefoda/.next/dev/static/chunks/node_modules_next_dist_1ybzpk2._.js:2477:13)
[browser] Image with src "/products/PF270.png" is using quality "80" which is not configured in images.qualities [75]. Please update your config to [75, 80].
Read more: https://nextjs.org/docs/messages/next-image-unconfigured-qualities (file://E:/Ai/Parfumesdefoda/.next/dev/static/chunks/node_modules_next_dist_1ybzpk2._.js:2477:13)
[browser] Image with src "/products/PF210.png" is using quality "80" which is not configured in images.qualities [75]. Please update your config to [75, 80].
Read more: https://nextjs.org/docs/messages/next-image-unconfigured-qualities (file://E:/Ai/Parfumesdefoda/.next/dev/static/chunks/node_modules_next_dist_1ybzpk2._.js:2477:13)
[browser] Image with src "/products/PF380.png" is using quality "80" which is not configured in images.qualities [75]. Please update your config to [75, 80].
Read more: https://nextjs.org/docs/messages/next-image-unconfigured-qualities (file://E:/Ai/Parfumesdefoda/.next/dev/static/chunks/node_modules_next_dist_1ybzpk2._.js:2477:13)
[browser] Image with src "/products/PF200.png" is using quality "80" which is not configured in images.qualities [75]. Please update your config to [75, 80].
Read more: https://nextjs.org/docs/messages/next-image-unconfigured-qualities (file://E:/Ai/Parfumesdefoda/.next/dev/static/chunks/node_modules_next_dist_1ybzpk2._.js:2477:13)
[browser] Image with src "/products/PF290.png" is using quality "80" which is not configured in images.qualities [75]. Please update your config to [75, 80].
Read more: https://nextjs.org/docs/messages/next-image-unconfigured-qualities (file://E:/Ai/Parfumesdefoda/.next/dev/static/chunks/node_modules_next_dist_1ybzpk2._.js:2477:13)
[browser] Image with src "/products/PF190.png" is using quality "80" which is not configured in images.qualities [75]. Please update your config to [75, 80].
Read more: https://nextjs.org/docs/messages/next-image-unconfigured-qualities (file://E:/Ai/Parfumesdefoda/.next/dev/static/chunks/node_modules_next_dist_1ybzpk2._.js:2477:13)
[browser] Image with src "/products/PF100.png" is using quality "80" which is not configured in images.qualities [75]. Please update your config to [75, 80].
Read more: https://nextjs.org/docs/messages/next-image-unconfigured-qualities (file://E:/Ai/Parfumesdefoda/.next/dev/static/chunks/node_modules_next_dist_1ybzpk2._.js:2477:13)
[browser] Image with src "/products/PF020.png" is using quality "85" which is not configured in images.qualities [75]. Please update your config to [75, 85].
Read more: https://nextjs.org/docs/messages/next-image-unconfigured-qualities (file://E:/Ai/Parfumesdefoda/.next/dev/static/chunks/node_modules_next_dist_1ybzpk2._.js:2477:13)
[browser] Image with src "/products/PF040.png" is using quality "85" which is not configured in images.qualities [75]. Please update your config to [75, 85].
Read more: https://nextjs.org/docs/messages/next-image-unconfigured-qualities (file://E:/Ai/Parfumesdefoda/.next/dev/static/chunks/node_modules_next_dist_1ybzpk2._.js:2477:13)
[browser] Image with src "/products/PF030.png" is using quality "85" which is not configured in images.qualities [75]. Please update your config to [75, 85].
Read more: https://nextjs.org/docs/messages/next-image-unconfigured-qualities (file://E:/Ai/Parfumesdefoda/.next/dev/static/chunks/node_modules_next_dist_1ybzpk2._.js:2477:13)
[browser] Image with src "/products/PF080.png" is using quality "85" which is not configured in images.qualities [75]. Please update your config to [75, 85].
Read more: https://nextjs.org/docs/messages/next-image-unconfigured-qualities (file://E:/Ai/Parfumesdefoda/.next/dev/static/chunks/node_modules_next_dist_1ybzpk2._.js:2477:13)
[browser] Image with src "/products/PF170.png" is using quality "85" which is not configured in images.qualities [75]. Please update your config to [75, 85].
Read more: https://nextjs.org/docs/messages/next-image-unconfigured-qualities (file://E:/Ai/Parfumesdefoda/.next/dev/static/chunks/node_modules_next_dist_1ybzpk2._.js:2477:13)
[browser] Image with src "/products/PF010.png" is using quality "85" which is not configured in images.qualities [75]. Please update your config to [75, 85].
Read more: https://nextjs.org/docs/messages/next-image-unconfigured-qualities (file://E:/Ai/Parfumesdefoda/.next/dev/static/chunks/node_modules_next_dist_1ybzpk2._.js:2477:13)
[browser] Image with src "/products/PF050.png" is using quality "85" which is not configured in images.qualities [75]. Please update your config to [75, 85].
Read more: https://nextjs.org/docs/messages/next-image-unconfigured-qualities (file://E:/Ai/Parfumesdefoda/.next/dev/static/chunks/node_modules_next_dist_1ybzpk2._.js:2477:13)
[browser] Image with src "/products/PF060.png" is using quality "85" which is not configured in images.qualities [75]. Please update your config to [75, 85].
Read more: https://nextjs.org/docs/messages/next-image-unconfigured-qualities (file://E:/Ai/Parfumesdefoda/.next/dev/static/chunks/node_modules_next_dist_1ybzpk2._.js:2477:13)
[browser] Image with src "/products/PF070.png" is using quality "85" which is not configured in images.qualities [75]. Please update your config to [75, 85].
Read more: https://nextjs.org/docs/messages/next-image-unconfigured-qualities (file://E:/Ai/Parfumesdefoda/.next/dev/static/chunks/node_modules_next_dist_1ybzpk2._.js:2477:13)
[browser] Image with src "/products/PF090.png" is using quality "85" which is not configured in images.qualities [75]. Please update your config to [75, 85].
Read more: https://nextjs.org/docs/messages/next-image-unconfigured-qualities (file://E:/Ai/Parfumesdefoda/.next/dev/static/chunks/node_modules_next_dist_1ybzpk2._.js:2477:13)
[browser] Image with src "/products/PF100.png" is using quality "85" which is not configured in images.qualities [75]. Please update your config to [75, 85].
Read more: https://nextjs.org/docs/messages/next-image-unconfigured-qualities (file://E:/Ai/Parfumesdefoda/.next/dev/static/chunks/node_modules_next_dist_1ybzpk2._.js:2477:13)
[browser] Image with src "/products/PF110.png" is using quality "85" which is not configured in images.qualities [75]. Please update your config to [75, 85].
Read more: https://nextjs.org/docs/messages/next-image-unconfigured-qualities (file://E:/Ai/Parfumesdefoda/.next/dev/static/chunks/node_modules_next_dist_1ybzpk2._.js:2477:13)
[browser] Image with src "/products/PF120.png" is using quality "85" which is not configured in images.qualities [75]. Please update your config to [75, 85].
Read more: https://nextjs.org/docs/messages/next-image-unconfigured-qualities (file://E:/Ai/Parfumesdefoda/.next/dev/static/chunks/node_modules_next_dist_1ybzpk2._.js:2477:13)
[browser] Image with src "/products/PF130.png" is using quality "85" which is not configured in images.qualities [75]. Please update your config to [75, 85].
Read more: https://nextjs.org/docs/messages/next-image-unconfigured-qualities (file://E:/Ai/Parfumesdefoda/.next/dev/static/chunks/node_modules_next_dist_1ybzpk2._.js:2477:13)
[browser] Image with src "/products/PF140.png" is using quality "85" which is not configured in images.qualities [75]. Please update your config to [75, 85].
Read more: https://nextjs.org/docs/messages/next-image-unconfigured-qualities (file://E:/Ai/Parfumesdefoda/.next/dev/static/chunks/node_modules_next_dist_1ybzpk2._.js:2477:13)
[browser] Image with src "/products/PF150.png" is using quality "85" which is not configured in images.qualities [75]. Please update your config to [75, 85].
Read more: https://nextjs.org/docs/messages/next-image-unconfigured-qualities (file://E:/Ai/Parfumesdefoda/.next/dev/static/chunks/node_modules_next_dist_1ybzpk2._.js:2477:13)
[browser] Image with src "/products/PF160.png" is using quality "85" which is not configured in images.qualities [75]. Please update your config to [75, 85].
Read more: https://nextjs.org/docs/messages/next-image-unconfigured-qualities (file://E:/Ai/Parfumesdefoda/.next/dev/static/chunks/node_modules_next_dist_1ybzpk2._.js:2477:13)
[browser] Image with src "/products/PF180.png" is using quality "85" which is not configured in images.qualities [75]. Please update your config to [75, 85].
Read more: https://nextjs.org/docs/messages/next-image-unconfigured-qualities (file://E:/Ai/Parfumesdefoda/.next/dev/static/chunks/node_modules_next_dist_1ybzpk2._.js:2477:13)
[browser] Image with src "/products/PF190.png" is using quality "85" which is not configured in images.qualities [75]. Please update your config to [75, 85].
Read more: https://nextjs.org/docs/messages/next-image-unconfigured-qualities (file://E:/Ai/Parfumesdefoda/.next/dev/static/chunks/node_modules_next_dist_1ybzpk2._.js:2477:13)
[browser] Image with src "/products/PF200.png" is using quality "85" which is not configured in images.qualities [75]. Please update your config to [75, 85].
Read more: https://nextjs.org/docs/messages/next-image-unconfigured-qualities (file://E:/Ai/Parfumesdefoda/.next/dev/static/chunks/node_modules_next_dist_1ybzpk2._.js:2477:13)
[browser] Image with src "/products/PF210.png" is using quality "85" which is not configured in images.qualities [75]. Please update your config to [75, 85].
Read more: https://nextjs.org/docs/messages/next-image-unconfigured-qualities (file://E:/Ai/Parfumesdefoda/.next/dev/static/chunks/node_modules_next_dist_1ybzpk2._.js:2477:13)
[browser] Image with src "/products/PF220.png" is using quality "85" which is not configured in images.qualities [75]. Please update your config to [75, 85].
Read more: https://nextjs.org/docs/messages/next-image-unconfigured-qualities (file://E:/Ai/Parfumesdefoda/.next/dev/static/chunks/node_modules_next_dist_1ybzpk2._.js:2477:13)
[browser] Image with src "/products/PF230.png" is using quality "85" which is not configured in images.qualities [75]. Please update your config to [75, 85].
Read more: https://nextjs.org/docs/messages/next-image-unconfigured-qualities (file://E:/Ai/Parfumesdefoda/.next/dev/static/chunks/node_modules_next_dist_1ybzpk2._.js:2477:13)
[browser] Image with src "/products/PF240.png" is using quality "85" which is not configured in images.qualities [75]. Please update your config to [75, 85].
Read more: https://nextjs.org/docs/messages/next-image-unconfigured-qualities (file://E:/Ai/Parfumesdefoda/.next/dev/static/chunks/node_modules_next_dist_1ybzpk2._.js:2477:13)
[browser] Image with src "/products/PF250.png" is using quality "85" which is not configured in images.qualities [75]. Please update your config to [75, 85].
Read more: https://nextjs.org/docs/messages/next-image-unconfigured-qualities (file://E:/Ai/Parfumesdefoda/.next/dev/static/chunks/node_modules_next_dist_1ybzpk2._.js:2477:13)
[browser] Image with src "/products/PF260.png" is using quality "85" which is not configured in images.qualities [75]. Please update your config to [75, 85].
Read more: https://nextjs.org/docs/messages/next-image-unconfigured-qualities (file://E:/Ai/Parfumesdefoda/.next/dev/static/chunks/node_modules_next_dist_1ybzpk2._.js:2477:13)
[browser] Image with src "/products/PF270.png" is using quality "85" which is not configured in images.qualities [75]. Please update your config to [75, 85].
Read more: https://nextjs.org/docs/messages/next-image-unconfigured-qualities (file://E:/Ai/Parfumesdefoda/.next/dev/static/chunks/node_modules_next_dist_1ybzpk2._.js:2477:13)
[browser] Image with src "/products/PF280.png" is using quality "85" which is not configured in images.qualities [75]. Please update your config to [75, 85].
Read more: https://nextjs.org/docs/messages/next-image-unconfigured-qualities (file://E:/Ai/Parfumesdefoda/.next/dev/static/chunks/node_modules_next_dist_1ybzpk2._.js:2477:13)
[browser] Image with src "/products/PF290.png" is using quality "85" which is not configured in images.qualities [75]. Please update your config to [75, 85].
Read more: https://nextjs.org/docs/messages/next-image-unconfigured-qualities (file://E:/Ai/Parfumesdefoda/.next/dev/static/chunks/node_modules_next_dist_1ybzpk2._.js:2477:13)
[browser] Image with src "/products/PF300.png" is using quality "85" which is not configured in images.qualities [75]. Please update your config to [75, 85].
Read more: https://nextjs.org/docs/messages/next-image-unconfigured-qualities (file://E:/Ai/Parfumesdefoda/.next/dev/static/chunks/node_modules_next_dist_1ybzpk2._.js:2477:13)
[browser] Image with src "/products/PF310.png" is using quality "85" which is not configured in images.qualities [75]. Please update your config to [75, 85].
Read more: https://nextjs.org/docs/messages/next-image-unconfigured-qualities (file://E:/Ai/Parfumesdefoda/.next/dev/static/chunks/node_modules_next_dist_1ybzpk2._.js:2477:13)
[browser] Image with src "/products/PF320.png" is using quality "85" which is not configured in images.qualities [75]. Please update your config to [75, 85].
Read more: https://nextjs.org/docs/messages/next-image-unconfigured-qualities (file://E:/Ai/Parfumesdefoda/.next/dev/static/chunks/node_modules_next_dist_1ybzpk2._.js:2477:13)
[browser] Image with src "/products/PF330.png" is using quality "85" which is not configured in images.qualities [75]. Please update your config to [75, 85].
Read more: https://nextjs.org/docs/messages/next-image-unconfigured-qualities (file://E:/Ai/Parfumesdefoda/.next/dev/static/chunks/node_modules_next_dist_1ybzpk2._.js:2477:13)
[browser] Image with src "/products/PF340.png" is using quality "85" which is not configured in images.qualities [75]. Please update your config to [75, 85].
Read more: https://nextjs.org/docs/messages/next-image-unconfigured-qualities (file://E:/Ai/Parfumesdefoda/.next/dev/static/chunks/node_modules_next_dist_1ybzpk2._.js:2477:13)
[browser] Image with src "/products/PF350.png" is using quality "85" which is not configured in images.qualities [75]. Please update your config to [75, 85].
Read more: https://nextjs.org/docs/messages/next-image-unconfigured-qualities (file://E:/Ai/Parfumesdefoda/.next/dev/static/chunks/node_modules_next_dist_1ybzpk2._.js:2477:13)
[browser] Image with src "/products/PF360.png" is using quality "85" which is not configured in images.qualities [75]. Please update your config to [75, 85].
Read more: https://nextjs.org/docs/messages/next-image-unconfigured-qualities (file://E:/Ai/Parfumesdefoda/.next/dev/static/chunks/node_modules_next_dist_1ybzpk2._.js:2477:13)
[browser] Image with src "/products/PF370.png" is using quality "85" which is not configured in images.qualities [75]. Please update your config to [75, 85].
Read more: https://nextjs.org/docs/messages/next-image-unconfigured-qualities (file://E:/Ai/Parfumesdefoda/.next/dev/static/chunks/node_modules_next_dist_1ybzpk2._.js:2477:13)
[browser] Image with src "/products/PF380.png" is using quality "85" which is not configured in images.qualities [75]. Please update your config to [75, 85].
Read more: https://nextjs.org/docs/messages/next-image-unconfigured-qualities (file://E:/Ai/Parfumesdefoda/.next/dev/static/chunks/node_modules_next_dist_1ybzpk2._.js:2477:13)
[browser] Image with src "/products/PF390.png" is using quality "85" which is not configured in images.qualities [75]. Please update your config to [75, 85].
Read more: https://nextjs.org/docs/messages/next-image-unconfigured-qualities (file://E:/Ai/Parfumesdefoda/.next/dev/static/chunks/node_modules_next_dist_1ybzpk2._.js:2477:13)
[browser] Image with src "/products/PF420.png" is using quality "85" which is not configured in images.qualities [75]. Please update your config to [75, 85].
Read more: https://nextjs.org/docs/messages/next-image-unconfigured-qualities (file://E:/Ai/Parfumesdefoda/.next/dev/static/chunks/node_modules_next_dist_1ybzpk2._.js:2477:13)
[browser] Image with src "/products/PF170.png" has "fill" and parent element with invalid "position". Provided "static" should be one of absolute,fixed,relative. (file://E:/Ai/Parfumesdefoda/.next/dev/static/chunks/node_modules_next_dist_1ybzpk2._.js:2477:13)
[browser] Image with src "/products/PF020.png" was detected as the Largest Contentful Paint (LCP). Please add the `loading="eager"` property if this image is above the fold.
Read more: https://nextjs.org/docs/app/api-reference/components/image#loading (file://E:/Ai/Parfumesdefoda/.next/dev/static/chunks/node_modules_next_dist_1ybzpk2._.js:2477:13)
[browser] Image with src "/products/PF020.png" has "fill" and parent element with invalid "position". Provided "static" should be one of absolute,fixed,relative. (file://E:/Ai/Parfumesdefoda/.next/dev/static/chunks/node_modules_next_dist_1ybzpk2._.js:2477:13)
[browser] Image with src "/products/PF040.png" has "fill" and parent element with invalid "position". Provided "static" should be one of absolute,fixed,relative. (file://E:/Ai/Parfumesdefoda/.next/dev/static/chunks/node_modules_next_dist_1ybzpk2._.js:2477:13)
[browser] Image with src "/products/PF030.png" has "fill" and parent element with invalid "position". Provided "static" should be one of absolute,fixed,relative. (file://E:/Ai/Parfumesdefoda/.next/dev/static/chunks/node_modules_next_dist_1ybzpk2._.js:2477:13)
[browser] Image with src "/products/PF080.png" has "fill" and parent element with invalid "position". Provided "static" should be one of absolute,fixed,relative. (file://E:/Ai/Parfumesdefoda/.next/dev/static/chunks/node_modules_next_dist_1ybzpk2._.js:2477:13)
[browser] Image with src "/products/PF010.png" has "fill" and parent element with invalid "position". Provided "static" should be one of absolute,fixed,relative. (file://E:/Ai/Parfumesdefoda/.next/dev/static/chunks/node_modules_next_dist_1ybzpk2._.js:2477:13)
